{
  "type": "FeatureCollection",
  "generator": "overpass-turbo",
  "copyright": "The data included in this document is from www.openstreetmap.org. The data is made available under ODbL.",
  "timestamp": "2026-08-19T14:40:56Z",
  "features": [
    {
      "type": "Feature",
      "properties": {
        "@id": "way/39317434",
        "addr:city": "San Salvador",
        "amenity": "hospital",
        "building:levels": "4",
        "emergency": "no",
        "healthcare": "hospital",
        "name": "Hospital Rosales",
        "old_name": "Hospital de Maternidad",
        "operator": "Ministerio de Salud",
        "operator:short": "MINSAL",
        "operator:type": "government",
        "operator:wikidata": "Q50037290",
        "source": "KG Ground Survey 2016",
        "@geometry": "center"
      },
      "geometry": {
        "type": "Point",
        "coordinates": [
          -89.2042204,
          13.7008703
        ]
      },
      "id": "way/39317434"
    },
    {
      "type": "Feature",
      "properties": {
        "@id": "way/137226205",
        "addr:city": "Santa Tecla",
        "addr:housenumber": "9-2",
        "addr:street": "4a Calle Oriente",
        "amenity": "hospital",
        "emergency": "yes",
        "healthcare": "hospital",
        "healthcare:speciality": "general;psychiatry;chiropractic;paediatrics;dentistry;ophthalmology;orthopaedics;gynaecology;oncology;cardiology;emergency;surgery;dermatology;radiology;maternity;geriatrics",
        "name": "Hospital Nacional San Rafael",
        "operator": "Ministerio de Salud Pública y Asistencia Social",
        "operator:type": "government",
        "phone": "+50325944000",
        "source": "KG Ground Survey 2016",
        "start_date": "August 6th, 1864",
        "website": "http://www.hsanrafael.salud.gob.sv/",
        "@geometry": "center"
      },
      "geometry": {
        "type": "Point",
        "coordinates": [
          -89.2782914,
          13.671168
        ]
      },
      "id": "way/137226205"
    },
    {
      "type": "Feature",
      "properties": {
        "@id": "way/140084935",
        "amenity": "hospital",
        "healthcare": "hospital",
        "healthcare:speciality": "covid19",
        "name": "Hospital El Salvador",
        "operator": "Ministerio de Salud y Asistencia Social",
        "operator:type": "public",
        "wikidata": "Q96650506",
        "wikipedia": "en:Hospital El Salvador",
        "@geometry": "center"
      },
      "geometry": {
        "type": "Point",
        "coordinates": [
          -89.2357836,
          13.6884694
        ]
      },
      "id": "way/140084935"
    },
    {
      "type": "Feature",
      "properties": {
        "@id": "way/172223970",
        "amenity": "hospital",
        "emergency": "yes",
        "healthcare": "hospital",
        "name": "Hospital Regional ISSS",
        "source": "KG Ground Survey 2016",
        "@geometry": "center"
      },
      "geometry": {
        "type": "Point",
        "coordinates": [
          -89.7273168,
          13.7108578
        ]
      },
      "id": "way/172223970"
    },
    {
      "type": "Feature",
      "properties": {
        "@id": "way/175606176",
        "amenity": "hospital",
        "emergency": "yes",
        "healthcare": "hospital",
        "name": "Hospital Medico Quirurgico ISSS",
        "source": "KG Ground Survey 2016",
        "@geometry": "center"
      },
      "geometry": {
        "type": "Point",
        "coordinates": [
          -89.2070264,
          13.7021511
        ]
      },
      "id": "way/175606176"
    },
    {
      "type": "Feature",
      "properties": {
        "@id": "way/196616567",
        "addr:city": "Santa Tecla",
        "addr:street": "5a Calle Oriente",
        "amenity": "hospital",
        "healthcare": "hospital",
        "name": "Cruz Roja Salvadoreña",
        "phone": "+50322881826",
        "@geometry": "center"
      },
      "geometry": {
        "type": "Point",
        "coordinates": [
          -89.2808156,
          13.6775993
        ]
      },
      "id": "way/196616567"
    },
    {
      "type": "Feature",
      "properties": {
        "@id": "way/199277541",
        "amenity": "hospital",
        "emergency": "yes",
        "name": "ISSS 15 de Septiembre",
        "@geometry": "center"
      },
      "geometry": {
        "type": "Point",
        "coordinates": [
          -89.2022817,
          13.6889988
        ]
      },
      "id": "way/199277541"
    },
    {
      "type": "Feature",
      "properties": {
        "@id": "way/241553325",
        "amenity": "clinic",
        "building": "yes",
        "designation": "Unidad de Salud",
        "emergency": "yes",
        "healthcare": "clinic",
        "name": "Unidad de Salud de Apopa",
        "operator": "Ministerio de Salud",
        "operator:short": "MINSAL",
        "operator:type": "government",
        "operator:wikidata": "Q50037290",
        "source": "KG Ground Survey 2016",
        "@geometry": "center"
      },
      "geometry": {
        "type": "Point",
        "coordinates": [
          -89.1778331,
          13.8015534
        ]
      },
      "id": "way/241553325"
    },
    {
      "type": "Feature",
      "properties": {
        "@id": "way/241570026",
        "amenity": "hospital",
        "building": "yes",
        "emergency": "yes",
        "name": "Unidad de Salud Barrios",
        "@geometry": "center"
      },
      "geometry": {
        "type": "Point",
        "coordinates": [
          -89.2297782,
          13.6926882
        ]
      },
      "id": "way/241570026"
    },
    {
      "type": "Feature",
      "properties": {
        "@id": "way/266467045",
        "addr:city": "Puerto El Triunfo",
        "amenity": "hospital",
        "building": "yes",
        "emergency": "yes",
        "name": "Seguro Social de Puerto El Triunfo ISSS",
        "wheelchair": "yes",
        "@geometry": "center"
      },
      "geometry": {
        "type": "Point",
        "coordinates": [
          -88.5488596,
          13.2747391
        ]
      },
      "id": "way/266467045"
    },
    {
      "type": "Feature",
      "properties": {
        "@id": "way/266467046",
        "addr:city": "Puerto El Triunfo",
        "amenity": "hospital",
        "building": "yes",
        "name": "Unidad de Salud de Puerto El Triunfo",
        "@geometry": "center"
      },
      "geometry": {
        "type": "Point",
        "coordinates": [
          -88.5465234,
          13.2762662
        ]
      },
      "id": "way/266467046"
    },
    {
      "type": "Feature",
      "properties": {
        "@id": "way/279281529",
        "amenity": "hospital",
        "healthcare": "hospital",
        "name": "ISSS, Quezaltepeque",
        "operator": "Ministerio de Salud",
        "operator:short": "MINSAL",
        "operator:type": "government",
        "operator:wikidata": "Q50037290",
        "@geometry": "center"
      },
      "geometry": {
        "type": "Point",
        "coordinates": [
          -89.2693519,
          13.8336924
        ]
      },
      "id": "way/279281529"
    },
    {
      "type": "Feature",
      "properties": {
        "@id": "way/285332270",
        "addr:city": "Santa Ana",
        "addr:housenumber": "18",
        "amenity": "hospital",
        "healthcare": "hospital",
        "healthcare:speciality": "general;odontology;dentistry;surgery;internal;paediatrics;gynaecology;dermatology;orthopaedics;neurosurgery;cardiology;neurology;urology;pneumology;nephrology;infectology;endocrinology;oncology",
        "name": "Unidad Médica de Santa Ana",
        "opening_hours": "Mo-Fr 07:00-17:00",
        "operator": "Instituto Salvadoreño del Seguro Social",
        "operator:abbr": "ISSS",
        "operator:type": "public",
        "website": "https://www.transparencia.gob.sv/institutions/27/services/5869",
        "@geometry": "center"
      },
      "geometry": {
        "type": "Point",
        "coordinates": [
          -89.5609406,
          13.997706
        ]
      },
      "id": "way/285332270"
    },
    {
      "type": "Feature",
      "properties": {
        "@id": "way/286834891",
        "addr:city": "La Unión",
        "amenity": "hospital",
        "emergency": "yes",
        "name": "Hospital Nacional de La Unión",
        "@geometry": "center"
      },
      "geometry": {
        "type": "Point",
        "coordinates": [
          -87.8761042,
          13.3470235
        ]
      },
      "id": "way/286834891"
    },
    {
      "type": "Feature",
      "properties": {
        "@id": "way/290097619",
        "addr:city": "San Salvador",
        "addr:street": "83 Avenida Sur",
        "amenity": "hospital",
        "emergency": "yes",
        "healthcare": "hospital",
        "name": "Hospital de La Mujer",
        "@geometry": "center"
      },
      "geometry": {
        "type": "Point",
        "coordinates": [
          -89.2379355,
          13.7019918
        ]
      },
      "id": "way/290097619"
    },
    {
      "type": "Feature",
      "properties": {
        "@id": "way/299383051",
        "addr:city": "Nuevo Cuscatlán",
        "amenity": "clinic",
        "building": "yes",
        "name": "Unidad de Salud de Nuevo Cuscatlán",
        "@geometry": "center"
      },
      "geometry": {
        "type": "Point",
        "coordinates": [
          -89.2656175,
          13.6486149
        ]
      },
      "id": "way/299383051"
    },
    {
      "type": "Feature",
      "properties": {
        "@id": "way/313945416",
        "addr:city": "Quezaltepeque",
        "addr:street": "1 Avenida Sur",
        "amenity": "hospital",
        "healthcare": "hospital",
        "name": "Unidad de Salud de Quezaltepeque",
        "operator": "Ministerio de Salud",
        "operator:short": "MINSAL",
        "operator:type": "government",
        "operator:wikidata": "Q50037290",
        "@geometry": "center"
      },
      "geometry": {
        "type": "Point",
        "coordinates": [
          -89.271146,
          13.8327854
        ]
      },
      "id": "way/313945416"
    },
    {
      "type": "Feature",
      "properties": {
        "@id": "way/316324664",
        "addr:city": "San Salvador",
        "addr:street": "Avenida Bernal",
        "amenity": "hospital",
        "healthcare": "hospital",
        "name": "Hospital Militar",
        "operator": "FAES",
        "operator:type": "private",
        "@geometry": "center"
      },
      "geometry": {
        "type": "Point",
        "coordinates": [
          -89.2157447,
          13.7188738
        ]
      },
      "id": "way/316324664"
    },
    {
      "type": "Feature",
      "properties": {
        "@id": "way/367627940",
        "amenity": "hospital",
        "healthcare": "hospital",
        "name": "Hospital San Pedro Usulután",
        "operator": "Ministerio de Salud",
        "operator:short": "MINSAL",
        "operator:type": "government",
        "operator:wikidata": "Q50037290",
        "@geometry": "center"
      },
      "geometry": {
        "type": "Point",
        "coordinates": [
          -88.4498295,
          13.3431402
        ]
      },
      "id": "way/367627940"
    },
    {
      "type": "Feature",
      "properties": {
        "@id": "way/375427571",
        "addr:city": "Chalatenango",
        "addr:housenumber": "Final Avenida Sur #32",
        "addr:street": "Barrio San Antonio,",
        "amenity": "hospital",
        "contact:facebook": "https://www.facebook.com/hnlevchalatenango/",
        "emergency": "yes",
        "healthcare": "hospital",
        "healthcare:speciality": "general",
        "name": "Hospital Nacional Dr. Luis Edmundo Vásquez \"HNLEVC\"",
        "operator": "MINSAL",
        "operator:type": "government",
        "@geometry": "center"
      },
      "geometry": {
        "type": "Point",
        "coordinates": [
          -88.9362493,
          14.0385126
        ]
      },
      "id": "way/375427571"
    },
    {
      "type": "Feature",
      "properties": {
        "@id": "way/377085381",
        "amenity": "hospital",
        "name": "ISSS Chalchuapa",
        "@geometry": "center"
      },
      "geometry": {
        "type": "Point",
        "coordinates": [
          -89.6776378,
          13.980723
        ]
      },
      "id": "way/377085381"
    },
    {
      "type": "Feature",
      "properties": {
        "@id": "way/378234332",
        "addr:city": "Santa Tecla",
        "addr:street": "4a Calle Poniente",
        "amenity": "clinic",
        "building": "yes",
        "healthcare": "clinic",
        "name": "Clínica Corrales",
        "source": "KG Ground Survey 2015",
        "@geometry": "center"
      },
      "geometry": {
        "type": "Point",
        "coordinates": [
          -89.2900084,
          13.672267
        ]
      },
      "id": "way/378234332"
    },
    {
      "type": "Feature",
      "properties": {
        "@id": "way/378358265",
        "addr:street": "7a Avenida Norte",
        "amenity": "clinic",
        "building": "yes",
        "name": "Analizar",
        "source": "KG Ground Survey 2015",
        "@geometry": "center"
      },
      "geometry": {
        "type": "Point",
        "coordinates": [
          -89.2830996,
          13.6805617
        ]
      },
      "id": "way/378358265"
    },
    {
      "type": "Feature",
      "properties": {
        "@id": "way/378501641",
        "addr:city": "San Miguel",
        "addr:street": "15 Calle Oriente",
        "amenity": "clinic",
        "building": "yes",
        "name": "Clínica Medicina Biologica Dr. Angel el Guadrón",
        "source": "KG Ground Survey 2015",
        "@geometry": "center"
      },
      "geometry": {
        "type": "Point",
        "coordinates": [
          -88.1722831,
          13.4733558
        ]
      },
      "id": "way/378501641"
    },
    {
      "type": "Feature",
      "properties": {
        "@id": "way/378571499",
        "amenity": "hospital",
        "building": "hospital",
        "building:levels": "6",
        "healthcare": "hospital",
        "name": "Hospital Nacional San Juan de Dios",
        "operator": "Ministerio de Salud",
        "operator:short": "MINSAL",
        "operator:type": "government",
        "operator:wikidata": "Q50037290",
        "@geometry": "center"
      },
      "geometry": {
        "type": "Point",
        "coordinates": [
          -88.1909257,
          13.4740703
        ]
      },
      "id": "way/378571499"
    },
    {
      "type": "Feature",
      "properties": {
        "@id": "way/378571503",
        "addr:city": "San Miguel",
        "addr:street": "Alameda Roosevelt (Carretera Panamericana)",
        "amenity": "hospital",
        "building": "hospital",
        "emergency": "yes",
        "healthcare": "hospital",
        "name": "Centro Médico de Oriente",
        "operator": "Ministerio de Salud",
        "operator:short": "MINSAL",
        "operator:type": "government",
        "operator:wikidata": "Q50037290",
        "source": "KG Ground Survey 2015",
        "@geometry": "center"
      },
      "geometry": {
        "type": "Point",
        "coordinates": [
          -88.1848215,
          13.4778235
        ]
      },
      "id": "way/378571503"
    },
    {
      "type": "Feature",
      "properties": {
        "@id": "way/378573272",
        "addr:city": "San Miguel",
        "addr:street": "Alameda Roosevelt (Carretera Panamericana)",
        "amenity": "clinic",
        "building": "yes",
        "name": "Laboratorio Clinico Flores",
        "source": "KG Ground Survey 2015",
        "@geometry": "center"
      },
      "geometry": {
        "type": "Point",
        "coordinates": [
          -88.1843416,
          13.4781987
        ]
      },
      "id": "way/378573272"
    },
    {
      "type": "Feature",
      "properties": {
        "@id": "way/378683827",
        "addr:city": "San Miguel",
        "addr:street": "15 Calle Poniente",
        "amenity": "clinic",
        "building": "yes",
        "name": "Laboratorio Clinico Castillo",
        "source": "KG Ground Survey 2015",
        "@geometry": "center"
      },
      "geometry": {
        "type": "Point",
        "coordinates": [
          -88.1747276,
          13.4723092
        ]
      },
      "id": "way/378683827"
    },
    {
      "type": "Feature",
      "properties": {
        "@id": "way/378696097",
        "addr:city": "San Miguel",
        "addr:street": "Alameda Roosevelt (Carretera Panamericana)",
        "amenity": "clinic",
        "building": "yes",
        "name": "Clínicas Medicas de Especialidades Roosevelt",
        "source": "KG Ground Survey 2015",
        "@geometry": "center"
      },
      "geometry": {
        "type": "Point",
        "coordinates": [
          -88.1853981,
          13.4848619
        ]
      },
      "id": "way/378696097"
    },
    {
      "type": "Feature",
      "properties": {
        "@id": "way/378723883",
        "addr:city": "San Miguel",
        "addr:street": "Avenida Jose Simeon Canas",
        "amenity": "clinic",
        "building": "yes",
        "name": "Laboratorio Clinico Kaleb",
        "source": "KG Ground Survey 2015",
        "@geometry": "center"
      },
      "geometry": {
        "type": "Point",
        "coordinates": [
          -88.1761736,
          13.4810018
        ]
      },
      "id": "way/378723883"
    },
    {
      "type": "Feature",
      "properties": {
        "@id": "way/378753096",
        "addr:city": "San Miguel",
        "amenity": "clinic",
        "building": "yes",
        "name": "Clínicas Medicas Juan Pablo II",
        "source": "KG Ground Survey 2015",
        "@geometry": "center"
      },
      "geometry": {
        "type": "Point",
        "coordinates": [
          -88.1759508,
          13.4788282
        ]
      },
      "id": "way/378753096"
    },
    {
      "type": "Feature",
      "properties": {
        "@id": "way/379476384",
        "addr:city": "Usulután",
        "addr:street": "Calle Grimaldi",
        "amenity": "clinic",
        "building": "yes",
        "name": "Clínica Medica",
        "source": "KG Ground Survey 2015",
        "@geometry": "center"
      },
      "geometry": {
        "type": "Point",
        "coordinates": [
          -88.4382528,
          13.3441932
        ]
      },
      "id": "way/379476384"
    },
    {
      "type": "Feature",
      "properties": {
        "@id": "way/379566593",
        "addr:city": "Usulután",
        "addr:street": "Calle Grimaldi",
        "amenity": "clinic",
        "building": "yes",
        "name": "Clínicas Medicas Andalucia",
        "source": "KG Ground Survey 2015",
        "@geometry": "center"
      },
      "geometry": {
        "type": "Point",
        "coordinates": [
          -88.440148,
          13.3449457
        ]
      },
      "id": "way/379566593"
    },
    {
      "type": "Feature",
      "properties": {
        "@id": "way/379566909",
        "addr:city": "Usulután",
        "addr:street": "Calle Grimaldi",
        "amenity": "clinic",
        "building": "yes",
        "name": "Laboratorio Hidalgo",
        "@geometry": "center"
      },
      "geometry": {
        "type": "Point",
        "coordinates": [
          -88.4408148,
          13.3446111
        ]
      },
      "id": "way/379566909"
    },
    {
      "type": "Feature",
      "properties": {
        "@id": "way/379568010",
        "addr:city": "Usulután",
        "addr:street": "Calle Grimaldi",
        "amenity": "clinic",
        "building": "yes",
        "name": "Plaza Medica San Luis",
        "source": "KG Ground Survey 2015",
        "@geometry": "center"
      },
      "geometry": {
        "type": "Point",
        "coordinates": [
          -88.4412291,
          13.3448802
        ]
      },
      "id": "way/379568010"
    },
    {
      "type": "Feature",
      "properties": {
        "@id": "way/379568011",
        "addr:city": "Usulután",
        "addr:street": "Calle Grimaldi",
        "amenity": "clinic",
        "building": "yes",
        "name": "Clínica Medica Dr. Galdamez",
        "source": "KG Ground Survey 2015",
        "@geometry": "center"
      },
      "geometry": {
        "type": "Point",
        "coordinates": [
          -88.4413378,
          13.3446706
        ]
      },
      "id": "way/379568011"
    },
    {
      "type": "Feature",
      "properties": {
        "@id": "way/379578977",
        "addr:city": "Usulután",
        "addr:street": "Calle Dr. Penado",
        "amenity": "clinic",
        "building": "yes",
        "fixme": "please complete name",
        "name": "Centro de Especialidades Medicas",
        "source": "KG Ground Survey 2015",
        "@geometry": "center"
      },
      "geometry": {
        "type": "Point",
        "coordinates": [
          -88.4423195,
          13.3449393
        ]
      },
      "id": "way/379578977"
    },
    {
      "type": "Feature",
      "properties": {
        "@id": "way/379578981",
        "addr:city": "Usulután",
        "addr:street": "Calle Dr. Penado",
        "amenity": "clinic",
        "building": "yes",
        "source": "KG Ground Survey 2015",
        "@geometry": "center"
      },
      "geometry": {
        "type": "Point",
        "coordinates": [
          -88.4427261,
          13.3448841
        ]
      },
      "id": "way/379578981"
    },
    {
      "type": "Feature",
      "properties": {
        "@id": "way/379578983",
        "addr:city": "Usulután",
        "addr:street": "Calle Dr. Penado",
        "amenity": "clinic",
        "building": "yes",
        "name": "Clínica Urológica",
        "source": "KG Ground Survey 2015",
        "@geometry": "center"
      },
      "geometry": {
        "type": "Point",
        "coordinates": [
          -88.443087,
          13.3449396
        ]
      },
      "id": "way/379578983"
    },
    {
      "type": "Feature",
      "properties": {
        "@id": "way/379591610",
        "addr:city": "Usulután",
        "addr:street": "1 Calle Poniente",
        "amenity": "clinic",
        "building": "yes",
        "name": "Clínica de Rayos X",
        "source": "KG Ground Survey 2015",
        "@geometry": "center"
      },
      "geometry": {
        "type": "Point",
        "coordinates": [
          -88.4413585,
          13.344329
        ]
      },
      "id": "way/379591610"
    },
    {
      "type": "Feature",
      "properties": {
        "@id": "way/379591611",
        "addr:city": "Usulután",
        "addr:street": "1 Calle Poniente",
        "amenity": "clinic",
        "building": "yes",
        "name": "Laboratorio Clinico Garay",
        "source": "KG Ground Survey 2015",
        "@geometry": "center"
      },
      "geometry": {
        "type": "Point",
        "coordinates": [
          -88.4414488,
          13.3440765
        ]
      },
      "id": "way/379591611"
    },
    {
      "type": "Feature",
      "properties": {
        "@id": "way/379591615",
        "addr:city": "Usulután",
        "addr:street": "1 Calle Poniente",
        "amenity": "clinic",
        "building": "yes",
        "name": "Clínica Medico",
        "source": "KG Ground Survey 2015",
        "@geometry": "center"
      },
      "geometry": {
        "type": "Point",
        "coordinates": [
          -88.4407829,
          13.3442663
        ]
      },
      "id": "way/379591615"
    },
    {
      "type": "Feature",
      "properties": {
        "@id": "way/379599012",
        "addr:city": "Usulután",
        "addr:street": "1 Calle Oriente",
        "amenity": "clinic",
        "building": "yes",
        "healthcare": "clinic",
        "name": "Centro Médico Usuluteco",
        "operator": "Ministerio de Salud",
        "operator:short": "MINSAL",
        "operator:type": "government",
        "operator:wikidata": "Q50037290",
        "phone": "2662 0739",
        "source": "KG Ground Survey 2015",
        "@geometry": "center"
      },
      "geometry": {
        "type": "Point",
        "coordinates": [
          -88.4376284,
          13.3435722
        ]
      },
      "id": "way/379599012"
    },
    {
      "type": "Feature",
      "properties": {
        "@id": "way/379602132",
        "addr:city": "Usulután",
        "addr:street": "1 Calle Oriente",
        "amenity": "clinic",
        "building": "yes",
        "source": "KG Ground Survey 2015",
        "@geometry": "center"
      },
      "geometry": {
        "type": "Point",
        "coordinates": [
          -88.4377198,
          13.343275
        ]
      },
      "id": "way/379602132"
    },
    {
      "type": "Feature",
      "properties": {
        "@id": "way/379667388",
        "addr:city": "Zacatecoluca",
        "amenity": "clinic",
        "building": "yes",
        "name": "Clínica de Atención Integral a la Familia",
        "source": "KG Ground Survey 2015",
        "@geometry": "center"
      },
      "geometry": {
        "type": "Point",
        "coordinates": [
          -88.8682777,
          13.5074601
        ]
      },
      "id": "way/379667388"
    },
    {
      "type": "Feature",
      "properties": {
        "@id": "way/379766879",
        "addr:city": "Zacatecoluca",
        "amenity": "clinic",
        "building": "yes",
        "healthcare": "clinic",
        "name": "Especialistas en Implantes y Cosmética",
        "source": "KG Ground Survey 2015",
        "@geometry": "center"
      },
      "geometry": {
        "type": "Point",
        "coordinates": [
          -88.8709061,
          13.5080042
        ]
      },
      "id": "way/379766879"
    },
    {
      "type": "Feature",
      "properties": {
        "@id": "way/379768499",
        "addr:city": "Zacatecoluca",
        "amenity": "clinic",
        "building": "yes",
        "name": "Hospital de Especialidades La Paz",
        "source": "KG Ground Survey 2015",
        "@geometry": "center"
      },
      "geometry": {
        "type": "Point",
        "coordinates": [
          -88.8712896,
          13.5065963
        ]
      },
      "id": "way/379768499"
    },
    {
      "type": "Feature",
      "properties": {
        "@id": "way/379771465",
        "addr:city": "Zacatecoluca",
        "amenity": "clinic",
        "building": "yes",
        "healthcare": "clinic",
        "name": "Clínicas Médicas",
        "source": "KG Ground Survey 2015",
        "@geometry": "center"
      },
      "geometry": {
        "type": "Point",
        "coordinates": [
          -88.8717129,
          13.504361
        ]
      },
      "id": "way/379771465"
    },
    {
      "type": "Feature",
      "properties": {
        "@id": "way/379777212",
        "addr:city": "Zacatecoluca",
        "amenity": "clinic",
        "building": "yes",
        "fixme": "yes",
        "healthcare": "clinic",
        "name": "Policlínica Herr",
        "source": "KG Ground Survey 2015",
        "@geometry": "center"
      },
      "geometry": {
        "type": "Point",
        "coordinates": [
          -88.8743956,
          13.5035485
        ]
      },
      "id": "way/379777212"
    },
    {
      "type": "Feature",
      "properties": {
        "@id": "way/382586759",
        "addr:city": "Santa Ana",
        "amenity": "hospital",
        "emergency": "yes",
        "healthcare": "hospital",
        "healthcare:speciality": "emergency;surgery;paediatrics;internal;gynaecology;psychiatry;ophthalmology;otorhinolaryngology;physiatry",
        "name": "Hospital Regional ISSS Santa Ana",
        "operator": "Instituto Salvadoreño del Seguro Social",
        "operator:abbr": "ISSS",
        "operator:type": "public",
        "website": "https://www.transparencia.gob.sv/institutions/isss/services/5982",
        "@geometry": "center"
      },
      "geometry": {
        "type": "Point",
        "coordinates": [
          -89.5671711,
          13.9763156
        ]
      },
      "id": "way/382586759"
    },
    {
      "type": "Feature",
      "properties": {
        "@id": "way/382988425",
        "addr:city": "Santa Ana",
        "addr:street": "3 Calle Oriente",
        "amenity": "hospital",
        "emergency": "yes",
        "healthcare": "hospital",
        "healthcare:speciality": "general;psychiatry;chiropractic;paediatrics;dentistry;ophthalmology;orthopaedics;gynaecology;emergency;internal;nephrology;endocrinology;dermatology;phototherapy;cardiology;neurology;surgery;neurosurgery;urology;otorhinolaringology;odontology;psychology;r",
        "name": "Hospital Nacional San Juan de Dios",
        "opening_hours": "24/7",
        "operator": "Ministerio de Salud",
        "operator:short": "MINSAL",
        "operator:type": "government",
        "operator:wikidata": "Q50037290",
        "phone": "+50324359500",
        "@geometry": "center"
      },
      "geometry": {
        "type": "Point",
        "coordinates": [
          -89.5512748,
          13.9918759
        ]
      },
      "id": "way/382988425"
    },
    {
      "type": "Feature",
      "properties": {
        "@id": "way/383231326",
        "addr:city": "Santa Ana",
        "addr:street": "Avenida Independencia Norte",
        "amenity": "hospital",
        "healthcare": "hospital",
        "name": "Unidad Comunitaria de Salud Familiar Santa Bárbara, Santa Ana",
        "@geometry": "center"
      },
      "geometry": {
        "type": "Point",
        "coordinates": [
          -89.555445,
          14.0006889
        ]
      },
      "id": "way/383231326"
    },
    {
      "type": "Feature",
      "properties": {
        "@id": "way/393507841",
        "amenity": "hospital",
        "healthcare": "hospital",
        "name": "Hospital Nacional de Metapán",
        "operator": "Ministerio de Salud",
        "operator:short": "MINSAL",
        "operator:type": "government",
        "operator:wikidata": "Q50037290",
        "source": "KG Ground Survey 2016",
        "@geometry": "center"
      },
      "geometry": {
        "type": "Point",
        "coordinates": [
          -89.4431944,
          14.3248378
        ]
      },
      "id": "way/393507841"
    },
    {
      "type": "Feature",
      "properties": {
        "@id": "way/393900408",
        "amenity": "clinic",
        "building": "yes",
        "name": "Unidad de Salud Concepción de Oriente",
        "source": "Centro Nacional de Registros",
        "@geometry": "center"
      },
      "geometry": {
        "type": "Point",
        "coordinates": [
          -87.7150253,
          13.791617
        ]
      },
      "id": "way/393900408"
    },
    {
      "type": "Feature",
      "properties": {
        "@id": "way/394223566",
        "amenity": "hospital",
        "healthcare": "hospital",
        "name": "Hospital Nacional Dr. Jorge Arturo Mena",
        "operator": "Ministerio de Salud",
        "operator:short": "MINSAL",
        "operator:type": "government",
        "operator:wikidata": "Q50037290",
        "source": "Centro Nacional de Registros",
        "@geometry": "center"
      },
      "geometry": {
        "type": "Point",
        "coordinates": [
          -88.4685129,
          13.4848701
        ]
      },
      "id": "way/394223566"
    },
    {
      "type": "Feature",
      "properties": {
        "@id": "way/395638737",
        "addr:city": "Santa Anita",
        "addr:street": "17 Avenida Sur",
        "amenity": "clinic",
        "building": "yes",
        "name": "Cruz Verde Salvadoreña",
        "phone": "2130 7653",
        "source": "KG Ground Survey 2016",
        "@geometry": "center"
      },
      "geometry": {
        "type": "Point",
        "coordinates": [
          -89.2011663,
          13.6867794
        ]
      },
      "id": "way/395638737"
    },
    {
      "type": "Feature",
      "properties": {
        "@id": "way/395649862",
        "amenity": "clinic",
        "healthcare": "clinic",
        "name": "Instituto Salvadoreño de Rehabilitación Integral",
        "@geometry": "center"
      },
      "geometry": {
        "type": "Point",
        "coordinates": [
          -89.1982421,
          13.6797885
        ]
      },
      "id": "way/395649862"
    },
    {
      "type": "Feature",
      "properties": {
        "@id": "way/395841197",
        "addr:street": "Calle Monserrat",
        "amenity": "clinic",
        "building": "yes",
        "name": "Clínica Jesus de Nazaret",
        "source": "KG Ground Survey 2016",
        "@geometry": "center"
      },
      "geometry": {
        "type": "Point",
        "coordinates": [
          -89.2030086,
          13.6869055
        ]
      },
      "id": "way/395841197"
    },
    {
      "type": "Feature",
      "properties": {
        "@id": "way/395851894",
        "addr:street": "Boulevard Altamira",
        "amenity": "clinic",
        "building": "yes",
        "name": "Clínica de Neurologia",
        "source": "KG Ground Survey 2016",
        "@geometry": "center"
      },
      "geometry": {
        "type": "Point",
        "coordinates": [
          -89.2192036,
          13.6832962
        ]
      },
      "id": "way/395851894"
    },
    {
      "type": "Feature",
      "properties": {
        "@id": "way/396054630",
        "amenity": "clinic",
        "building": "yes",
        "name": "Clínica Medica Integral",
        "source": "KG Ground Survey 2016",
        "@geometry": "center"
      },
      "geometry": {
        "type": "Point",
        "coordinates": [
          -89.2444347,
          13.675357
        ]
      },
      "id": "way/396054630"
    },
    {
      "type": "Feature",
      "properties": {
        "@id": "way/396083604",
        "addr:city": "Santa Ana",
        "addr:street": "Av Independencia Sur",
        "amenity": "clinic",
        "building": "yes",
        "name": "Clínicas Médicas San Gabriel",
        "source": "KG Ground Survey 2015",
        "@geometry": "center"
      },
      "geometry": {
        "type": "Point",
        "coordinates": [
          -89.5582723,
          13.9871341
        ]
      },
      "id": "way/396083604"
    },
    {
      "type": "Feature",
      "properties": {
        "@id": "way/396099383",
        "addr:city": "Santa Ana",
        "addr:street": "Calle Libertad Poniente",
        "amenity": "clinic",
        "building": "yes",
        "healthcare": "clinic",
        "name": "Unidad de Salud Casa del Niño",
        "operator": "Ministerio de Salud",
        "operator:short": "MINSAL",
        "operator:type": "government",
        "operator:wikidata": "Q50037290",
        "source": "KG Ground Survey 2015",
        "@geometry": "center"
      },
      "geometry": {
        "type": "Point",
        "coordinates": [
          -89.5611769,
          13.9950956
        ]
      },
      "id": "way/396099383"
    },
    {
      "type": "Feature",
      "properties": {
        "@id": "way/396315798",
        "addr:street": "Avenida Augusta",
        "amenity": "clinic",
        "building": "yes",
        "name": "Clínica Vila",
        "source": "KG Ground Survey 2016",
        "@geometry": "center"
      },
      "geometry": {
        "type": "Point",
        "coordinates": [
          -89.2230998,
          13.7135647
        ]
      },
      "id": "way/396315798"
    },
    {
      "type": "Feature",
      "properties": {
        "@id": "way/396751347",
        "addr:street": "Calle Auro",
        "amenity": "clinic",
        "building": "yes",
        "name": "Clínica de Medicina Natural Shing Tong",
        "source": "KG Ground Survey 2016",
        "@geometry": "center"
      },
      "geometry": {
        "type": "Point",
        "coordinates": [
          -89.2090146,
          13.7125331
        ]
      },
      "id": "way/396751347"
    },
    {
      "type": "Feature",
      "properties": {
        "@id": "way/396752023",
        "amenity": "clinic",
        "building": "yes",
        "name": "Electrolab Medic",
        "source": "KG Ground Survey 2016",
        "@geometry": "center"
      },
      "geometry": {
        "type": "Point",
        "coordinates": [
          -89.2105939,
          13.7143515
        ]
      },
      "id": "way/396752023"
    },
    {
      "type": "Feature",
      "properties": {
        "@id": "way/396752049",
        "addr:city": "Santa Ana",
        "addr:street": "11 Avenida Sur",
        "amenity": "clinic",
        "building": "yes",
        "healthcare": "clinic",
        "name": "Clínica de Fisioterapia y Úlceras Crisa",
        "source": "KG Ground Survey 2015",
        "@geometry": "center"
      },
      "geometry": {
        "type": "Point",
        "coordinates": [
          -89.5531028,
          13.9908852
        ]
      },
      "id": "way/396752049"
    },
    {
      "type": "Feature",
      "properties": {
        "@id": "way/396752050",
        "addr:city": "Santa Ana",
        "addr:street": "11 Avenida Sur",
        "amenity": "clinic",
        "building": "yes",
        "name": "Clínicas Médicas",
        "source": "KG Ground Survey 2015",
        "@geometry": "center"
      },
      "geometry": {
        "type": "Point",
        "coordinates": [
          -89.5530634,
          13.9913041
        ]
      },
      "id": "way/396752050"
    },
    {
      "type": "Feature",
      "properties": {
        "@id": "way/396772559",
        "addr:city": "Santa Ana",
        "addr:street": "Calle Libertad Oriente",
        "amenity": "clinic",
        "building": "yes",
        "name": "Clínica Ramarta",
        "source": "KG Ground Survey 2015",
        "@geometry": "center"
      },
      "geometry": {
        "type": "Point",
        "coordinates": [
          -89.549644,
          13.9931346
        ]
      },
      "id": "way/396772559"
    },
    {
      "type": "Feature",
      "properties": {
        "@id": "way/396772560",
        "addr:city": "Santa Ana",
        "addr:street": "Calle Libertad Oriente",
        "amenity": "clinic",
        "building": "yes",
        "name": "Centro Quirúrgico Monte Sion Fracturas y Especialidades",
        "source": "KG Ground Survey 2015",
        "@geometry": "center"
      },
      "geometry": {
        "type": "Point",
        "coordinates": [
          -89.549731,
          13.9931232
        ]
      },
      "id": "way/396772560"
    },
    {
      "type": "Feature",
      "properties": {
        "@id": "way/396780570",
        "addr:city": "Santa Ana",
        "addr:street": "5 Calle Oriente",
        "amenity": "clinic",
        "building": "yes",
        "name": "Policlínica de Especialdades y Medicina General",
        "source": "KG Ground Survey 2015",
        "@geometry": "center"
      },
      "geometry": {
        "type": "Point",
        "coordinates": [
          -89.5533247,
          13.9914276
        ]
      },
      "id": "way/396780570"
    },
    {
      "type": "Feature",
      "properties": {
        "@id": "way/396780573",
        "addr:city": "Santa Ana",
        "addr:street": "11 Avenida Sur",
        "amenity": "clinic",
        "building": "yes",
        "healthcare": "clinic",
        "name": "Clínicas Nazaret",
        "source": "KG Ground Survey 2015",
        "@geometry": "center"
      },
      "geometry": {
        "type": "Point",
        "coordinates": [
          -89.5530234,
          13.9931346
        ]
      },
      "id": "way/396780573"
    },
    {
      "type": "Feature",
      "properties": {
        "@id": "way/396788116",
        "addr:street": "Avenida Bernal",
        "amenity": "clinic",
        "building": "yes",
        "name": "Clínicas Medicas",
        "source": "KG Ground Survey 2016",
        "@geometry": "center"
      },
      "geometry": {
        "type": "Point",
        "coordinates": [
          -89.2168522,
          13.7227781
        ]
      },
      "id": "way/396788116"
    },
    {
      "type": "Feature",
      "properties": {
        "@id": "way/396926453",
        "addr:street": "Bulevar Constitución",
        "amenity": "clinic",
        "building": "yes",
        "name": "Clínica y Laboratorio Profamilia",
        "source": "KG Ground Survey 2016",
        "@geometry": "center"
      },
      "geometry": {
        "type": "Point",
        "coordinates": [
          -89.2223508,
          13.7206201
        ]
      },
      "id": "way/396926453"
    },
    {
      "type": "Feature",
      "properties": {
        "@id": "way/396980702",
        "addr:street": "Calle Zacamil",
        "amenity": "clinic",
        "building": "yes",
        "name": "Clínica Medica Horizonte",
        "source": "KG Ground Survey 2016",
        "@geometry": "center"
      },
      "geometry": {
        "type": "Point",
        "coordinates": [
          -89.1983733,
          13.7285628
        ]
      },
      "id": "way/396980702"
    },
    {
      "type": "Feature",
      "properties": {
        "@id": "way/396990910",
        "addr:street": "Calle a Mariona",
        "amenity": "clinic",
        "building": "yes",
        "name": "Clínica Medica PCN",
        "source": "KG Ground Survey 2016",
        "@geometry": "center"
      },
      "geometry": {
        "type": "Point",
        "coordinates": [
          -89.1878238,
          13.7275604
        ]
      },
      "id": "way/396990910"
    },
    {
      "type": "Feature",
      "properties": {
        "@id": "way/397140054",
        "addr:street": "Pasaje Layco",
        "amenity": "clinic",
        "building": "yes",
        "name": "Clínica Asistencial Familia de Nazareth",
        "source": "KG Ground Survey 2016",
        "@geometry": "center"
      },
      "geometry": {
        "type": "Point",
        "coordinates": [
          -89.1947186,
          13.7142371
        ]
      },
      "id": "way/397140054"
    },
    {
      "type": "Feature",
      "properties": {
        "@id": "way/397339422",
        "addr:city": "Santa Tecla",
        "addr:street": "1a Calle Poniente",
        "amenity": "clinic",
        "building": "yes",
        "name": "Clínica Medica",
        "source": "KG Ground Survey 2016",
        "@geometry": "center"
      },
      "geometry": {
        "type": "Point",
        "coordinates": [
          -89.2924044,
          13.6754666
        ]
      },
      "id": "way/397339422"
    },
    {
      "type": "Feature",
      "properties": {
        "@id": "way/397493073",
        "addr:city": "Santa Tecla",
        "addr:housenumber": "1-4",
        "addr:street": "4ª Avenida Norte",
        "amenity": "clinic",
        "building": "yes",
        "emergency": "yes",
        "healthcare": "clinic",
        "healthcare:speciality": "chiropractic;general;physiatry;dentistry;radiology",
        "name": "Clínica Parroquial Inmaculada Concepción",
        "phone": "+50325602811;+50322281415",
        "source": "KG Ground Survey 2016",
        "@geometry": "center"
      },
      "geometry": {
        "type": "Point",
        "coordinates": [
          -89.28997,
          13.6751722
        ]
      },
      "id": "way/397493073"
    },
    {
      "type": "Feature",
      "properties": {
        "@id": "way/397538300",
        "addr:city": "Sonsonate",
        "addr:street": "3 Calle Poniente",
        "amenity": "clinic",
        "building": "yes",
        "name": "Unidad Comunitaria de Salud Familiar",
        "source": "KG Ground Survey 2015",
        "@geometry": "center"
      },
      "geometry": {
        "type": "Point",
        "coordinates": [
          -89.7290934,
          13.7234318
        ]
      },
      "id": "way/397538300"
    },
    {
      "type": "Feature",
      "properties": {
        "@id": "way/397538302",
        "amenity": "clinic",
        "building": "yes",
        "name": "Clínica Riñon",
        "source": "KG Ground Survey 2015",
        "@geometry": "center"
      },
      "geometry": {
        "type": "Point",
        "coordinates": [
          -89.7293284,
          13.7236519
        ]
      },
      "id": "way/397538302"
    },
    {
      "type": "Feature",
      "properties": {
        "@id": "way/397538305",
        "amenity": "hospital",
        "building:levels": "2",
        "healthcare": "hospital",
        "name": "Hospital Ave María",
        "source": "KG Ground Survey 2015",
        "@geometry": "center"
      },
      "geometry": {
        "type": "Point",
        "coordinates": [
          -89.729654,
          13.723761
        ]
      },
      "id": "way/397538305"
    },
    {
      "type": "Feature",
      "properties": {
        "@id": "way/397538306",
        "amenity": "clinic",
        "building": "yes",
        "healthcare": "clinic",
        "name": "Clínicas Médicas Masferrer",
        "source": "KG Ground Survey 2015",
        "@geometry": "center"
      },
      "geometry": {
        "type": "Point",
        "coordinates": [
          -89.7296606,
          13.723569
        ]
      },
      "id": "way/397538306"
    },
    {
      "type": "Feature",
      "properties": {
        "@id": "way/397538307",
        "amenity": "clinic",
        "building": "yes",
        "source": "KG Ground Survey 2015",
        "@geometry": "center"
      },
      "geometry": {
        "type": "Point",
        "coordinates": [
          -89.7297203,
          13.7235113
        ]
      },
      "id": "way/397538307"
    },
    {
      "type": "Feature",
      "properties": {
        "@id": "way/397538310",
        "addr:city": "Sonsonate",
        "addr:street": "Avenida Carlos S Langenegger",
        "amenity": "clinic",
        "building": "yes",
        "name": "Clínica de Psicologia",
        "source": "KG Ground Survey 2015",
        "@geometry": "center"
      },
      "geometry": {
        "type": "Point",
        "coordinates": [
          -89.7297668,
          13.7234404
        ]
      },
      "id": "way/397538310"
    },
    {
      "type": "Feature",
      "properties": {
        "@id": "way/397538313",
        "amenity": "clinic",
        "building": "yes",
        "source": "KG Ground Survey 2015",
        "@geometry": "center"
      },
      "geometry": {
        "type": "Point",
        "coordinates": [
          -89.7298186,
          13.7233708
        ]
      },
      "id": "way/397538313"
    },
    {
      "type": "Feature",
      "properties": {
        "@id": "way/397538319",
        "amenity": "clinic",
        "building": "yes",
        "healthcare": "clinic",
        "name": "Clínicas Médicas Henríquez",
        "source": "KG Ground Survey 2015",
        "@geometry": "center"
      },
      "geometry": {
        "type": "Point",
        "coordinates": [
          -89.7299582,
          13.7231265
        ]
      },
      "id": "way/397538319"
    },
    {
      "type": "Feature",
      "properties": {
        "@id": "way/397538322",
        "amenity": "clinic",
        "building": "yes",
        "healthcare": "clinic",
        "name": "CLIDISA",
        "source": "KG Ground Survey 2015",
        "@geometry": "center"
      },
      "geometry": {
        "type": "Point",
        "coordinates": [
          -89.730051,
          13.723053
        ]
      },
      "id": "way/397538322"
    },
    {
      "type": "Feature",
      "properties": {
        "@id": "way/397538327",
        "addr:city": "Sonsonate",
        "addr:street": "5a Avenida Norte",
        "amenity": "clinic",
        "building": "yes",
        "check_date": "2025-03-12",
        "name": "Clínicas Dr. Siliezar",
        "source": "KG Ground Survey 2015",
        "@geometry": "center"
      },
      "geometry": {
        "type": "Point",
        "coordinates": [
          -89.7302696,
          13.7226882
        ]
      },
      "id": "way/397538327"
    },
    {
      "type": "Feature",
      "properties": {
        "@id": "way/398021072",
        "addr:city": "Santa Ana",
        "addr:street": "Calle Aldea San Antonio",
        "amenity": "clinic",
        "building": "yes",
        "name": "Clínica de Diagnóstico San Antonio",
        "source": "KG Ground Survey 2015",
        "@geometry": "center"
      },
      "geometry": {
        "type": "Point",
        "coordinates": [
          -89.5751403,
          13.9825468
        ]
      },
      "id": "way/398021072"
    },
    {
      "type": "Feature",
      "properties": {
        "@id": "way/398033509",
        "addr:city": "Lourdes",
        "addr:street": "4a Calle Oriente",
        "amenity": "clinic",
        "building": "yes",
        "healthcare": "clinic",
        "name": "Hospital Centro Médico Lourdes",
        "operator": "Ministerio de Salud",
        "operator:short": "MINSAL",
        "operator:type": "government",
        "operator:wikidata": "Q50037290",
        "source": "KG Ground Survey 2016",
        "@geometry": "center"
      },
      "geometry": {
        "type": "Point",
        "coordinates": [
          -89.3673807,
          13.7231015
        ]
      },
      "id": "way/398033509"
    },
    {
      "type": "Feature",
      "properties": {
        "@id": "way/398043051",
        "amenity": "clinic",
        "building": "yes",
        "name": "Cruz Verde",
        "source": "KG Ground Survey 2016",
        "@geometry": "center"
      },
      "geometry": {
        "type": "Point",
        "coordinates": [
          -89.3675472,
          13.7227177
        ]
      },
      "id": "way/398043051"
    },
    {
      "type": "Feature",
      "properties": {
        "@id": "way/398052521",
        "addr:city": "Lourdes",
        "addr:street": "2a Avenida Norte",
        "amenity": "clinic",
        "building": "yes",
        "name": "Clínicas Medicas Integradas y Laboratorio Clio-Med",
        "phone": "2318 4603",
        "source": "KG Ground Survey 2016",
        "@geometry": "center"
      },
      "geometry": {
        "type": "Point",
        "coordinates": [
          -89.3673147,
          13.7258502
        ]
      },
      "id": "way/398052521"
    },
    {
      "type": "Feature",
      "properties": {
        "@id": "way/398061438",
        "addr:city": "San Bartolo",
        "addr:street": "Boulevard San Bartolo",
        "amenity": "clinic",
        "building": "yes",
        "name": "Clínica San Pedro",
        "source": "KG Ground Survey 2015",
        "@geometry": "center"
      },
      "geometry": {
        "type": "Point",
        "coordinates": [
          -89.1052237,
          13.707826
        ]
      },
      "id": "way/398061438"
    },
    {
      "type": "Feature",
      "properties": {
        "@id": "way/398061681",
        "addr:city": "Lourdes",
        "addr:street": "2a Avenida Norte",
        "amenity": "clinic",
        "building": "yes",
        "name": "Clínica Medica",
        "source": "KG Ground Survey 2016",
        "@geometry": "center"
      },
      "geometry": {
        "type": "Point",
        "coordinates": [
          -89.3671375,
          13.7255124
        ]
      },
      "id": "way/398061681"
    },
    {
      "type": "Feature",
      "properties": {
        "@id": "way/398065405",
        "addr:city": "San Bartolo",
        "addr:street": "4 Avenida Norte",
        "amenity": "clinic",
        "building": "yes",
        "name": "Clinico de Diagnostico",
        "source": "KG Ground Survey 2015",
        "@geometry": "center"
      },
      "geometry": {
        "type": "Point",
        "coordinates": [
          -89.1047489,
          13.7028537
        ]
      },
      "id": "way/398065405"
    },
    {
      "type": "Feature",
      "properties": {
        "@id": "way/398066812",
        "addr:city": "San Vicente",
        "addr:street": "4a Calle Poniente/Calle General Indalecio Miranda",
        "amenity": "clinic",
        "building": "yes",
        "name": "Laboratorio Clinico Romero",
        "source": "KG Ground Survey 2015",
        "@geometry": "center"
      },
      "geometry": {
        "type": "Point",
        "coordinates": [
          -88.7854617,
          13.642352
        ]
      },
      "id": "way/398066812"
    },
    {
      "type": "Feature",
      "properties": {
        "@id": "way/398066816",
        "addr:city": "San Vicente",
        "addr:street": "Avenida Ana Guerra de Jesús",
        "amenity": "hospital",
        "healthcare": "hospital",
        "name": "Hospital Nacional Santa Gertrudis",
        "operator": "Ministerio de Salud",
        "operator:short": "MINSAL",
        "operator:type": "government",
        "operator:wikidata": "Q50037290",
        "source": "KG Ground Survey 2015",
        "@geometry": "center"
      },
      "geometry": {
        "type": "Point",
        "coordinates": [
          -88.7837273,
          13.6408928
        ]
      },
      "id": "way/398066816"
    },
    {
      "type": "Feature",
      "properties": {
        "@id": "way/398068432",
        "addr:city": "San Bartolo",
        "addr:street": "Boulevard San Bartolo",
        "amenity": "clinic",
        "building": "yes",
        "name": "Clínica Dental Osuna",
        "source": "KG Ground Survey 2015",
        "@geometry": "center"
      },
      "geometry": {
        "type": "Point",
        "coordinates": [
          -89.1045817,
          13.7098278
        ]
      },
      "id": "way/398068432"
    },
    {
      "type": "Feature",
      "properties": {
        "@id": "way/398068433",
        "addr:city": "San Bartolo",
        "addr:street": "Boulevard San Bartolo",
        "amenity": "clinic",
        "building": "yes",
        "name": "Multi Clínica San Bartolo",
        "source": "KG Ground Survey 2015",
        "@geometry": "center"
      },
      "geometry": {
        "type": "Point",
        "coordinates": [
          -89.1045874,
          13.7097206
        ]
      },
      "id": "way/398068433"
    },
    {
      "type": "Feature",
      "properties": {
        "@id": "way/398068809",
        "addr:city": "San Vicente",
        "addr:street": "2a Avenida Sur/Avenida Victoriano Rodríguez",
        "amenity": "clinic",
        "building": "yes",
        "name": "Clínica De Especialidades",
        "source": "KG Ground Survey 2015",
        "@geometry": "center"
      },
      "geometry": {
        "type": "Point",
        "coordinates": [
          -88.7842484,
          13.6421805
        ]
      },
      "id": "way/398068809"
    },
    {
      "type": "Feature",
      "properties": {
        "@id": "way/398069342",
        "addr:city": "San Bartolo",
        "addr:street": "Boulevard San Bartolo",
        "amenity": "clinic",
        "building": "yes",
        "name": "Clínica Medica Economica",
        "source": "KG Ground Survey 2015",
        "@geometry": "center"
      },
      "geometry": {
        "type": "Point",
        "coordinates": [
          -89.1048428,
          13.7076263
        ]
      },
      "id": "way/398069342"
    },
    {
      "type": "Feature",
      "properties": {
        "@id": "way/398069946",
        "addr:city": "San Vicente",
        "addr:street": "2a Avenida Norte",
        "amenity": "clinic",
        "building": "yes",
        "name": "Laboratorio Clinico Alvarez",
        "source": "KG Ground Survey 2015",
        "@geometry": "center"
      },
      "geometry": {
        "type": "Point",
        "coordinates": [
          -88.7838273,
          13.6438456
        ]
      },
      "id": "way/398069946"
    },
    {
      "type": "Feature",
      "properties": {
        "@id": "way/398263306",
        "addr:city": "San Vicente",
        "addr:street": "2a Avenida Sur/Avenida Victoriano Rodríguez",
        "amenity": "clinic",
        "building": "yes",
        "name": "Clínica Medica Familar",
        "source": "KG Ground Survey 2016",
        "@geometry": "center"
      },
      "geometry": {
        "type": "Point",
        "coordinates": [
          -88.7847877,
          13.6409304
        ]
      },
      "id": "way/398263306"
    },
    {
      "type": "Feature",
      "properties": {
        "@id": "way/398263310",
        "addr:city": "San Vicente",
        "addr:street": "2a Avenida Sur/Avenida Victoriano Rodríguez",
        "amenity": "clinic",
        "building": "yes",
        "name": "Ultrasonografías Y Laboratorio Clínico",
        "source": "KG Ground Survey 2016",
        "@geometry": "center"
      },
      "geometry": {
        "type": "Point",
        "coordinates": [
          -88.7847278,
          13.6413109
        ]
      },
      "id": "way/398263310"
    },
    {
      "type": "Feature",
      "properties": {
        "@id": "way/398263312",
        "addr:city": "San Vicente",
        "addr:street": "2a Avenida Sur/Avenida Victoriano Rodríguez",
        "amenity": "clinic",
        "building": "yes",
        "name": "Clínicas Unidas",
        "source": "KG Ground Survey 2016",
        "@geometry": "center"
      },
      "geometry": {
        "type": "Point",
        "coordinates": [
          -88.7846703,
          13.641535
        ]
      },
      "id": "way/398263312"
    },
    {
      "type": "Feature",
      "properties": {
        "@id": "way/398412530",
        "addr:city": "Sonsonate",
        "addr:street": "3 Calle Poniente",
        "amenity": "clinic",
        "building": "yes",
        "healthcare": "clinic",
        "name": "Clínica Artero",
        "source": "KG Ground Survey 2016",
        "@geometry": "center"
      },
      "geometry": {
        "type": "Point",
        "coordinates": [
          -89.7277231,
          13.7221408
        ]
      },
      "id": "way/398412530"
    },
    {
      "type": "Feature",
      "properties": {
        "@id": "way/398417272",
        "addr:city": "Sonsonate",
        "addr:street": "Avenida Morazán",
        "amenity": "clinic",
        "building": "yes",
        "healthcare": "clinic",
        "healthcare:speciality": "community",
        "name": "Clínica Comunal ISSS Santo Domingo",
        "operator": "ISSS",
        "operator:type": "government",
        "source": "KG Ground Survey 2016",
        "@geometry": "center"
      },
      "geometry": {
        "type": "Point",
        "coordinates": [
          -89.7252125,
          13.7235963
        ]
      },
      "id": "way/398417272"
    },
    {
      "type": "Feature",
      "properties": {
        "@id": "way/398420613",
        "addr:city": "Sonsonate",
        "addr:street": "5 Calle Oriente",
        "amenity": "clinic",
        "building": "yes",
        "check_date": "2026-02-14",
        "healthcare": "clinic",
        "name": "Mediclínica de Especialidades",
        "source": "KG Ground Survey 2016",
        "@geometry": "center"
      },
      "geometry": {
        "type": "Point",
        "coordinates": [
          -89.7282989,
          13.7238121
        ]
      },
      "id": "way/398420613"
    },
    {
      "type": "Feature",
      "properties": {
        "@id": "way/398420616",
        "addr:city": "Sonsonate",
        "addr:street": "3a Avenida Norte",
        "amenity": "clinic",
        "building": "yes",
        "healthcare": "clinic",
        "name": "Clínica Médica San Rafael",
        "source": "KG Ground Survey 2016",
        "@geometry": "center"
      },
      "geometry": {
        "type": "Point",
        "coordinates": [
          -89.728561,
          13.7219884
        ]
      },
      "id": "way/398420616"
    },
    {
      "type": "Feature",
      "properties": {
        "@id": "way/398547190",
        "addr:street": "1 Avenida",
        "amenity": "clinic",
        "building": "yes",
        "healthcare": "clinic",
        "name": "Clínica Médica",
        "source": "KG Ground Survey 2016",
        "@geometry": "center"
      },
      "geometry": {
        "type": "Point",
        "coordinates": [
          -89.3594011,
          13.8753327
        ]
      },
      "id": "way/398547190"
    },
    {
      "type": "Feature",
      "properties": {
        "@id": "way/398547191",
        "addr:street": "1 Avenida",
        "amenity": "clinic",
        "building": "yes",
        "healthcare": "clinic",
        "name": "Clínica Municipal",
        "operator": "Ministerio de Salud",
        "operator:short": "MINSAL",
        "operator:type": "government",
        "operator:wikidata": "Q50037290",
        "source": "KG Ground Survey 2016",
        "@geometry": "center"
      },
      "geometry": {
        "type": "Point",
        "coordinates": [
          -89.3592754,
          13.8756718
        ]
      },
      "id": "way/398547191"
    },
    {
      "type": "Feature",
      "properties": {
        "@id": "way/398549570",
        "addr:street": "6 Calle",
        "amenity": "clinic",
        "building": "yes",
        "name": "Clínica Medica San Lucas",
        "source": "KG Ground Survey 2016",
        "@geometry": "center"
      },
      "geometry": {
        "type": "Point",
        "coordinates": [
          -89.3587163,
          13.8751181
        ]
      },
      "id": "way/398549570"
    },
    {
      "type": "Feature",
      "properties": {
        "@id": "way/398559950",
        "amenity": "clinic",
        "building": "yes",
        "name": "Clínica Medica",
        "source": "KG Ground Survey 2016",
        "@geometry": "center"
      },
      "geometry": {
        "type": "Point",
        "coordinates": [
          -89.3590987,
          13.7933289
        ]
      },
      "id": "way/398559950"
    },
    {
      "type": "Feature",
      "properties": {
        "@id": "way/398561342",
        "addr:city": "San Vicente",
        "addr:street": "6a Calle/Calle Dr. Sarbelio Navarrete",
        "amenity": "hospital",
        "healthcare": "hospital",
        "name": "Hospital Divino Niño",
        "operator": "Ministerio de Salud",
        "operator:short": "MINSAL",
        "operator:type": "government",
        "operator:wikidata": "Q50037290",
        "@geometry": "center"
      },
      "geometry": {
        "type": "Point",
        "coordinates": [
          -88.7900266,
          13.6426414
        ]
      },
      "id": "way/398561342"
    },
    {
      "type": "Feature",
      "properties": {
        "@id": "way/398568020",
        "addr:housenumber": "9",
        "addr:street": "Boulevard Campos Eliseos",
        "amenity": "clinic",
        "building": "yes",
        "name": "Centro Medico Labcliza Laboratorio Clinico",
        "source": "KG Ground Survey 2016",
        "@geometry": "center"
      },
      "geometry": {
        "type": "Point",
        "coordinates": [
          -89.3593178,
          13.7922482
        ]
      },
      "id": "way/398568020"
    },
    {
      "type": "Feature",
      "properties": {
        "@id": "way/398606707",
        "addr:street": "4 Calle",
        "amenity": "clinic",
        "building": "yes",
        "name": "Jawetz",
        "source": "KG Ground Survey 2016",
        "@geometry": "center"
      },
      "geometry": {
        "type": "Point",
        "coordinates": [
          -89.3582575,
          13.8753065
        ]
      },
      "id": "way/398606707"
    },
    {
      "type": "Feature",
      "properties": {
        "@id": "way/398620394",
        "addr:city": "Cojutepeque",
        "addr:street": "2 Calle Poniente",
        "amenity": "clinic",
        "building": "yes",
        "name": "Clínica Medica",
        "source": "KG Ground Survey 2016",
        "@geometry": "center"
      },
      "geometry": {
        "type": "Point",
        "coordinates": [
          -88.9433055,
          13.7239297
        ]
      },
      "id": "way/398620394"
    },
    {
      "type": "Feature",
      "properties": {
        "@id": "way/398770148",
        "addr:city": "Cojutepeque",
        "addr:street": "Calle General Francisco Lopez",
        "amenity": "clinic",
        "building": "yes",
        "name": "Laboratoria Clinico Erlich",
        "source": "KG Ground Survey 2016",
        "@geometry": "center"
      },
      "geometry": {
        "type": "Point",
        "coordinates": [
          -88.9337136,
          13.7219652
        ]
      },
      "id": "way/398770148"
    },
    {
      "type": "Feature",
      "properties": {
        "@id": "way/399286333",
        "addr:city": "Quezaltepeque",
        "addr:street": "5a Calle poniente",
        "amenity": "clinic",
        "building": "yes",
        "healthcare": "clinic",
        "name": "Clínica Médica Familiar",
        "source": "KG Ground Survey 2016",
        "@geometry": "center"
      },
      "geometry": {
        "type": "Point",
        "coordinates": [
          -89.2719552,
          13.8321995
        ]
      },
      "id": "way/399286333"
    },
    {
      "type": "Feature",
      "properties": {
        "@id": "way/399289740",
        "addr:street": "Avenida Paleca",
        "amenity": "clinic",
        "building": "yes",
        "name": "Centro Médico Delgado",
        "source": "KG Ground Survey 2016",
        "@geometry": "center"
      },
      "geometry": {
        "type": "Point",
        "coordinates": [
          -89.1698352,
          13.7196321
        ]
      },
      "id": "way/399289740"
    },
    {
      "type": "Feature",
      "properties": {
        "@id": "way/399328309",
        "addr:city": "Apopa",
        "addr:street": "Avenida Quirino Chávez",
        "amenity": "clinic",
        "building": "yes",
        "healthcare": "clinic",
        "name": "Clínica Médica Santa Catarina",
        "source": "KG Ground Survey 2016",
        "@geometry": "center"
      },
      "geometry": {
        "type": "Point",
        "coordinates": [
          -89.1782492,
          13.7976407
        ]
      },
      "id": "way/399328309"
    },
    {
      "type": "Feature",
      "properties": {
        "@id": "way/399328311",
        "addr:city": "Apopa",
        "addr:street": "Avenida Quirino Chávez",
        "amenity": "clinic",
        "building": "yes",
        "healthcare": "clinic",
        "name": "Clínica Médica La Sagrada Familia",
        "source": "KG Ground Survey 2016",
        "@geometry": "center"
      },
      "geometry": {
        "type": "Point",
        "coordinates": [
          -89.1782971,
          13.7978914
        ]
      },
      "id": "way/399328311"
    },
    {
      "type": "Feature",
      "properties": {
        "@id": "way/399328316",
        "addr:city": "Apopa",
        "addr:street": "3a Avenida Sur",
        "amenity": "clinic",
        "building": "yes",
        "healthcare": "clinic",
        "name": "Clínica San Sebastián",
        "source": "KG Ground Survey 2016",
        "@geometry": "center"
      },
      "geometry": {
        "type": "Point",
        "coordinates": [
          -89.1781141,
          13.7985925
        ]
      },
      "id": "way/399328316"
    },
    {
      "type": "Feature",
      "properties": {
        "@id": "way/399333419",
        "addr:street": "Avenida Paleca",
        "amenity": "clinic",
        "building": "yes",
        "healthcare": "clinic",
        "name": "Laboratorio Clinico de Especialidades",
        "source": "KG Ground Survey 2016",
        "@geometry": "center"
      },
      "geometry": {
        "type": "Point",
        "coordinates": [
          -89.1696406,
          13.7178466
        ]
      },
      "id": "way/399333419"
    },
    {
      "type": "Feature",
      "properties": {
        "@id": "way/399508125",
        "addr:city": "Apopa",
        "addr:street": "4a Calle Oriente",
        "amenity": "clinic",
        "building": "yes",
        "healthcare": "clinic",
        "name": "Clínica de Ortopedia",
        "source": "KG Ground Survey 2016",
        "@geometry": "center"
      },
      "geometry": {
        "type": "Point",
        "coordinates": [
          -89.1775537,
          13.8020114
        ]
      },
      "id": "way/399508125"
    },
    {
      "type": "Feature",
      "properties": {
        "@id": "way/399508133",
        "addr:city": "Apopa",
        "addr:street": "Prolongación 4a Avenida Norte",
        "amenity": "clinic",
        "building": "yes",
        "healthcare": "clinic",
        "name": "Clínica Médica Familiar Climefac",
        "source": "KG Ground Survey 2016",
        "@geometry": "center"
      },
      "geometry": {
        "type": "Point",
        "coordinates": [
          -89.1799505,
          13.8036621
        ]
      },
      "id": "way/399508133"
    },
    {
      "type": "Feature",
      "properties": {
        "@id": "way/399512903",
        "addr:city": "Apopa",
        "addr:street": "3a Avenida Sur",
        "amenity": "clinic",
        "building": "yes",
        "healthcare": "clinic",
        "name": "Clínica Pediátrica María Auxiliadora",
        "source": "KG Ground Survey 2016",
        "@geometry": "center"
      },
      "geometry": {
        "type": "Point",
        "coordinates": [
          -89.1782416,
          13.7988028
        ]
      },
      "id": "way/399512903"
    },
    {
      "type": "Feature",
      "properties": {
        "@id": "way/399512912",
        "addr:city": "Apopa",
        "addr:street": "3a Avenida Norte",
        "amenity": "clinic",
        "building": "yes",
        "healthcare": "clinic",
        "name": "Clínica Médica Dr. Pérez",
        "source": "KG Ground Survey 2016",
        "@geometry": "center"
      },
      "geometry": {
        "type": "Point",
        "coordinates": [
          -89.1773955,
          13.8016127
        ]
      },
      "id": "way/399512912"
    },
    {
      "type": "Feature",
      "properties": {
        "@id": "way/399529725",
        "addr:city": "Apopa",
        "addr:street": "Avenida Quirino Chávez Norte",
        "amenity": "clinic",
        "building": "yes",
        "healthcare": "clinic",
        "name": "Clínica Médica",
        "source": "KG Ground Survey 2016",
        "@geometry": "center"
      },
      "geometry": {
        "type": "Point",
        "coordinates": [
          -89.1784909,
          13.8026694
        ]
      },
      "id": "way/399529725"
    },
    {
      "type": "Feature",
      "properties": {
        "@id": "way/399538153",
        "addr:city": "Apopa",
        "addr:street": "Prolongación 4a Avenida Norte",
        "amenity": "clinic",
        "building": "yes",
        "healthcare": "clinic",
        "name": "Clínica Municipal",
        "source": "KG Ground Survey 2016",
        "@geometry": "center"
      },
      "geometry": {
        "type": "Point",
        "coordinates": [
          -89.1795525,
          13.804424
        ]
      },
      "id": "way/399538153"
    },
    {
      "type": "Feature",
      "properties": {
        "@id": "way/399538879",
        "addr:housenumber": "135",
        "addr:street": "83a Avenida Norte",
        "amenity": "doctors",
        "building": "yes",
        "healthcare": "doctor",
        "healthcare:speciality": "ophthalmology",
        "name": "Centro Visión",
        "@geometry": "center"
      },
      "geometry": {
        "type": "Point",
        "coordinates": [
          -89.2382755,
          13.707287
        ]
      },
      "id": "way/399538879"
    },
    {
      "type": "Feature",
      "properties": {
        "@id": "way/399542299",
        "addr:city": "Apopa",
        "addr:street": "6a Calle Poniente",
        "amenity": "clinic",
        "building": "hotel",
        "healthcare": "clinic",
        "name": "Emergencia Unidad Médica de Apopa",
        "source": "KG Ground Survey 2016",
        "@geometry": "center"
      },
      "geometry": {
        "type": "Point",
        "coordinates": [
          -89.1793232,
          13.8034858
        ]
      },
      "id": "way/399542299"
    },
    {
      "type": "Feature",
      "properties": {
        "@id": "way/399546047",
        "addr:street": "87 Avenida Norte",
        "amenity": "clinic",
        "building": "yes",
        "healthcare": "clinic",
        "name": "Grupo Carpio",
        "source": "KG Ground Survey 2016",
        "@geometry": "center"
      },
      "geometry": {
        "type": "Point",
        "coordinates": [
          -89.2406046,
          13.7058628
        ]
      },
      "id": "way/399546047"
    },
    {
      "type": "Feature",
      "properties": {
        "@id": "way/399649774",
        "addr:city": "San Miguel",
        "addr:street": "Alameda Roosevelt (Carretera Panamericana)",
        "amenity": "clinic",
        "building": "yes",
        "name": "Dr. Mendoza",
        "source": "KG Ground Survey 2016",
        "@geometry": "center"
      },
      "geometry": {
        "type": "Point",
        "coordinates": [
          -88.1853749,
          13.4846925
        ]
      },
      "id": "way/399649774"
    },
    {
      "type": "Feature",
      "properties": {
        "@id": "way/399699315",
        "addr:city": "San Miguel",
        "addr:street": "12 Calle Poniente",
        "amenity": "clinic",
        "building": "yes",
        "name": "Medicina Interna",
        "source": "KG Ground Survey 2016",
        "@geometry": "center"
      },
      "geometry": {
        "type": "Point",
        "coordinates": [
          -88.1787632,
          13.4866593
        ]
      },
      "id": "way/399699315"
    },
    {
      "type": "Feature",
      "properties": {
        "@id": "way/399716396",
        "addr:street": "Calle Del Mirador",
        "amenity": "clinic",
        "building": "yes",
        "name": "Clínicas Medicas Integrales",
        "@geometry": "center"
      },
      "geometry": {
        "type": "Point",
        "coordinates": [
          -89.2433336,
          13.709275
        ]
      },
      "id": "way/399716396"
    },
    {
      "type": "Feature",
      "properties": {
        "@id": "way/399719660",
        "addr:housenumber": "4050",
        "addr:street": "79 Avenida Norte",
        "amenity": "clinic",
        "building": "yes",
        "name": "Multiclinicas Escalón",
        "@geometry": "center"
      },
      "geometry": {
        "type": "Point",
        "coordinates": [
          -89.2354428,
          13.7065817
        ]
      },
      "id": "way/399719660"
    },
    {
      "type": "Feature",
      "properties": {
        "@id": "way/399726951",
        "addr:city": "Concepción de Ataco",
        "addr:street": "Avenida Central",
        "amenity": "clinic",
        "building": "yes",
        "name": "Clínica San Francisco de Asis",
        "source": "KG Ground Survey 2016",
        "@geometry": "center"
      },
      "geometry": {
        "type": "Point",
        "coordinates": [
          -89.8510847,
          13.8710216
        ]
      },
      "id": "way/399726951"
    },
    {
      "type": "Feature",
      "properties": {
        "@id": "way/399727751",
        "addr:city": "Santa Tecla",
        "addr:street": "Calle Chiltiupan",
        "amenity": "hospital",
        "building": "yes",
        "healthcare": "hospital",
        "name": "Hospital Merliot",
        "source": "KG Ground Survey 2016",
        "@geometry": "center"
      },
      "geometry": {
        "type": "Point",
        "coordinates": [
          -89.2714417,
          13.6794119
        ]
      },
      "id": "way/399727751"
    },
    {
      "type": "Feature",
      "properties": {
        "@id": "way/399728582",
        "addr:street": "87 Avenida Norte",
        "amenity": "clinic",
        "building": "yes",
        "healthcare": "clinic",
        "name": "Clínicas Médicas San Jorge",
        "@geometry": "center"
      },
      "geometry": {
        "type": "Point",
        "coordinates": [
          -89.2410531,
          13.7053725
        ]
      },
      "id": "way/399728582"
    },
    {
      "type": "Feature",
      "properties": {
        "@id": "way/399732361",
        "addr:street": "9 Calle Poniente",
        "amenity": "clinic",
        "building": "yes",
        "name": "Neurolab",
        "@geometry": "center"
      },
      "geometry": {
        "type": "Point",
        "coordinates": [
          -89.2337336,
          13.7073989
        ]
      },
      "id": "way/399732361"
    },
    {
      "type": "Feature",
      "properties": {
        "@id": "way/399782024",
        "addr:housenumber": "1633",
        "addr:street": "21 Calle Poniente",
        "alt_name": "Multiclinicas Merc",
        "amenity": "clinic",
        "building": "yes",
        "contact:facebook": "https://www.facebook.com/ClinicaMerBel",
        "healthcare": "clinic",
        "name": "Clínica Médica MerBel",
        "opening_hours": "Mo-Fr 07:00-15:00; Tu,Th off",
        "phone": "+503 7276 6870",
        "website": "https://clinica-medica-merbel.negocio.site",
        "@geometry": "center"
      },
      "geometry": {
        "type": "Point",
        "coordinates": [
          -89.2065726,
          13.7108082
        ]
      },
      "id": "way/399782024"
    },
    {
      "type": "Feature",
      "properties": {
        "@id": "way/399985740",
        "addr:city": "San Miguel",
        "addr:housenumber": "405",
        "addr:street": "4a Calle Poniente",
        "amenity": "doctors",
        "building": "yes",
        "@geometry": "center"
      },
      "geometry": {
        "type": "Point",
        "coordinates": [
          -88.1805383,
          13.4827115
        ]
      },
      "id": "way/399985740"
    },
    {
      "type": "Feature",
      "properties": {
        "@id": "way/400047365",
        "addr:city": "Cojutepeque",
        "addr:street": "2 Calle Oriente",
        "amenity": "clinic",
        "building": "yes",
        "name": "CM Imágenes Médicas",
        "source": "KG Ground Survey 2016",
        "@geometry": "center"
      },
      "geometry": {
        "type": "Point",
        "coordinates": [
          -88.933493,
          13.7214082
        ]
      },
      "id": "way/400047365"
    },
    {
      "type": "Feature",
      "properties": {
        "@id": "way/400049742",
        "addr:city": "San Salvador",
        "addr:street": "27 Avenida Norte",
        "amenity": "clinic",
        "building": "yes",
        "healthcare": "clinic",
        "healthcare:speciality": "otolaryngology",
        "name": "Multiclinica Santa Fé",
        "source": "KG Ground Survey 2016",
        "@geometry": "center"
      },
      "geometry": {
        "type": "Point",
        "coordinates": [
          -89.2051598,
          13.711201
        ]
      },
      "id": "way/400049742"
    },
    {
      "type": "Feature",
      "properties": {
        "@id": "way/400059797",
        "addr:city": "Cojutepeque",
        "addr:street": "Avenida Jose Mario Rivas",
        "amenity": "clinic",
        "building": "yes",
        "healthcare": "clinic",
        "name": "Clínica Médica Familiar",
        "source": "KG Ground Survey 2016",
        "@geometry": "center"
      },
      "geometry": {
        "type": "Point",
        "coordinates": [
          -88.9343086,
          13.724664
        ]
      },
      "id": "way/400059797"
    },
    {
      "type": "Feature",
      "properties": {
        "@id": "way/400067529",
        "addr:city": "Suchitoto",
        "addr:street": "4a Avenida Sur/Avenida Padre Rafael Palacios",
        "amenity": "clinic",
        "building": "yes",
        "name": "Clínica Y Ultrasonografia",
        "source": "KG Ground Survey 2016",
        "@geometry": "center"
      },
      "geometry": {
        "type": "Point",
        "coordinates": [
          -89.0280724,
          13.935353
        ]
      },
      "id": "way/400067529"
    },
    {
      "type": "Feature",
      "properties": {
        "@id": "way/400267833",
        "addr:city": "San Martín",
        "addr:street": "2a Avenida",
        "amenity": "clinic",
        "building": "yes",
        "healthcare": "clinic",
        "name": "Clínica Parroquial San Martín Obispo",
        "source": "KG Ground Survey 2016",
        "@geometry": "center"
      },
      "geometry": {
        "type": "Point",
        "coordinates": [
          -89.0550157,
          13.738816
        ]
      },
      "id": "way/400267833"
    },
    {
      "type": "Feature",
      "properties": {
        "@id": "way/400282465",
        "addr:city": "San Salvador",
        "addr:street": "Avenida Alberto Masferrer sur",
        "amenity": "clinic",
        "building": "yes",
        "name": "Stem Cell Center",
        "source": "KG Ground Survey 2016",
        "@geometry": "center"
      },
      "geometry": {
        "type": "Point",
        "coordinates": [
          -89.2501253,
          13.6984181
        ]
      },
      "id": "way/400282465"
    },
    {
      "type": "Feature",
      "properties": {
        "@id": "way/400299489",
        "amenity": "hospital",
        "building": "hospital",
        "healthcare": "hospital",
        "name": "Hospital Monte Sinaí",
        "@geometry": "center"
      },
      "geometry": {
        "type": "Point",
        "coordinates": [
          -89.8460805,
          13.9197435
        ]
      },
      "id": "way/400299489"
    },
    {
      "type": "Feature",
      "properties": {
        "@id": "way/400307256",
        "amenity": "clinic",
        "building": "yes",
        "name": "Clínica Municipal de Achuachapan",
        "@geometry": "center"
      },
      "geometry": {
        "type": "Point",
        "coordinates": [
          -89.8467597,
          13.9186669
        ]
      },
      "id": "way/400307256"
    },
    {
      "type": "Feature",
      "properties": {
        "@id": "way/400335031",
        "amenity": "clinic",
        "building": "yes",
        "healthcare": "clinic",
        "name": "Centro Médico Ahuachapán",
        "@geometry": "center"
      },
      "geometry": {
        "type": "Point",
        "coordinates": [
          -89.8441064,
          13.9226405
        ]
      },
      "id": "way/400335031"
    },
    {
      "type": "Feature",
      "properties": {
        "@id": "way/400335032",
        "amenity": "clinic",
        "building": "yes",
        "healthcare": "clinic",
        "name": "Ceclisa",
        "@geometry": "center"
      },
      "geometry": {
        "type": "Point",
        "coordinates": [
          -89.8430724,
          13.922389
        ]
      },
      "id": "way/400335032"
    },
    {
      "type": "Feature",
      "properties": {
        "@id": "way/400415299",
        "addr:city": "San Miguel",
        "addr:street": "5a Calle Poniente",
        "amenity": "clinic",
        "building": "yes",
        "name": "Nuestra Señora de Lourdes",
        "@geometry": "center"
      },
      "geometry": {
        "type": "Point",
        "coordinates": [
          -88.1822779,
          13.4779308
        ]
      },
      "id": "way/400415299"
    },
    {
      "type": "Feature",
      "properties": {
        "@id": "way/400818637",
        "addr:city": "San Martín",
        "addr:street": "4a Avenida",
        "amenity": "clinic",
        "building": "yes",
        "healthcare": "clinic",
        "name": "Clínica de Ginecología y Ultrasonografía",
        "source": "KG Ground Survey 2016",
        "@geometry": "center"
      },
      "geometry": {
        "type": "Point",
        "coordinates": [
          -89.0542976,
          13.7381846
        ]
      },
      "id": "way/400818637"
    },
    {
      "type": "Feature",
      "properties": {
        "@id": "way/400832464",
        "addr:street": "6a 10a Calle",
        "alt_name": "Hospital Roma; ISSS Roma",
        "amenity": "hospital",
        "building": "hospital",
        "healthcare:speciality": "psychiatry;urology;rheumatology",
        "name": "Policlinico ISSS Roma",
        "operator": "ISSS",
        "source": "KG Ground Survey 2016",
        "@geometry": "center"
      },
      "geometry": {
        "type": "Point",
        "coordinates": [
          -89.2251779,
          13.6944033
        ]
      },
      "id": "way/400832464"
    },
    {
      "type": "Feature",
      "properties": {
        "@id": "way/400850015",
        "addr:city": "San Salvador",
        "addr:street": "Boulevard El Hipódromo",
        "amenity": "clinic",
        "building": "yes",
        "source": "KG Ground Survey 2016",
        "@geometry": "center"
      },
      "geometry": {
        "type": "Point",
        "coordinates": [
          -89.2437702,
          13.692396
        ]
      },
      "id": "way/400850015"
    },
    {
      "type": "Feature",
      "properties": {
        "@id": "way/400850016",
        "addr:city": "San Salvador",
        "addr:street": "Boulevard El Hipódromo",
        "amenity": "clinic",
        "building": "yes",
        "name": "NovaLaser",
        "source": "KG Ground Survey 2016",
        "@geometry": "center"
      },
      "geometry": {
        "type": "Point",
        "coordinates": [
          -89.2437407,
          13.6928862
        ]
      },
      "id": "way/400850016"
    },
    {
      "type": "Feature",
      "properties": {
        "@id": "way/400850017",
        "addr:city": "San Salvador",
        "addr:street": "Boulevard El Hipódromo",
        "amenity": "clinic",
        "building": "yes",
        "name": "Centro Europeo de Cirugia Plastica",
        "source": "KG Ground Survey 2016",
        "@geometry": "center"
      },
      "geometry": {
        "type": "Point",
        "coordinates": [
          -89.2436283,
          13.6930702
        ]
      },
      "id": "way/400850017"
    },
    {
      "type": "Feature",
      "properties": {
        "@id": "way/400851029",
        "addr:city": "San Miguel",
        "addr:housenumber": "302",
        "addr:street": "4a Avenida Sur",
        "amenity": "clinic",
        "building": "yes",
        "name": "Plaza Médica 26 de Julio",
        "@geometry": "center"
      },
      "geometry": {
        "type": "Point",
        "coordinates": [
          -88.1743232,
          13.4795869
        ]
      },
      "id": "way/400851029"
    },
    {
      "type": "Feature",
      "properties": {
        "@id": "way/400855581",
        "addr:city": "San Miguel",
        "addr:street": "4a Avenida Norte",
        "amenity": "clinic",
        "building": "yes",
        "name": "Clínica de Especialidades María Auxiliadora Cema",
        "@geometry": "center"
      },
      "geometry": {
        "type": "Point",
        "coordinates": [
          -88.175292,
          13.4865909
        ]
      },
      "id": "way/400855581"
    },
    {
      "type": "Feature",
      "properties": {
        "@id": "way/400876552",
        "addr:city": "Santa Ana",
        "addr:street": "25 Calle Poniente",
        "amenity": "clinic",
        "building": "yes",
        "name": "Cenefro Centro de Nelrologia y Remodlalists de Occidente",
        "source": "KG Ground Survey 2016",
        "@geometry": "center"
      },
      "geometry": {
        "type": "Point",
        "coordinates": [
          -89.5669663,
          13.9840783
        ]
      },
      "id": "way/400876552"
    },
    {
      "type": "Feature",
      "properties": {
        "@id": "way/400877339",
        "addr:city": "San Miguel",
        "addr:street": "3a Avenida Norte",
        "amenity": "clinic",
        "building": "yes",
        "name": "Laboratorio Clinico Citológico Unidos",
        "@geometry": "center"
      },
      "geometry": {
        "type": "Point",
        "coordinates": [
          -88.1789677,
          13.484574
        ]
      },
      "id": "way/400877339"
    },
    {
      "type": "Feature",
      "properties": {
        "@id": "way/401016536",
        "amenity": "clinic",
        "building": "yes",
        "name": "Consultorio Medico Emmanuel",
        "@geometry": "center"
      },
      "geometry": {
        "type": "Point",
        "coordinates": [
          -88.1786881,
          13.4800134
        ]
      },
      "id": "way/401016536"
    },
    {
      "type": "Feature",
      "properties": {
        "@id": "way/401021453",
        "addr:city": "San Miguel",
        "addr:street": "3a Avenida Norte",
        "amenity": "clinic",
        "building": "yes",
        "name": "Laboratorio Clinico Mava",
        "@geometry": "center"
      },
      "geometry": {
        "type": "Point",
        "coordinates": [
          -88.1793277,
          13.4831965
        ]
      },
      "id": "way/401021453"
    },
    {
      "type": "Feature",
      "properties": {
        "@id": "way/401021459",
        "amenity": "clinic",
        "building": "yes",
        "@geometry": "center"
      },
      "geometry": {
        "type": "Point",
        "coordinates": [
          -88.1793268,
          13.4832878
        ]
      },
      "id": "way/401021459"
    },
    {
      "type": "Feature",
      "properties": {
        "@id": "way/401030061",
        "addr:city": "Chalchuapa",
        "addr:street": "3a Calle Oriente",
        "amenity": "clinic",
        "building": "yes",
        "name": "Clínica Municipal",
        "source": "KG Ground Survey 2016",
        "@geometry": "center"
      },
      "geometry": {
        "type": "Point",
        "coordinates": [
          -89.6800942,
          13.9833333
        ]
      },
      "id": "way/401030061"
    },
    {
      "type": "Feature",
      "properties": {
        "@id": "way/401089605",
        "addr:city": "Usulután",
        "addr:street": "6 Calle Poniente",
        "amenity": "clinic",
        "building": "yes",
        "name": "Clínica Medica",
        "source": "KG Ground Survey 2016",
        "@geometry": "center"
      },
      "geometry": {
        "type": "Point",
        "coordinates": [
          -88.4413325,
          13.3469287
        ]
      },
      "id": "way/401089605"
    },
    {
      "type": "Feature",
      "properties": {
        "@id": "way/401110500",
        "addr:city": "Usulután",
        "addr:street": "6 Calle Poniente",
        "amenity": "clinic",
        "building": "yes",
        "name": "Clínica Medica Dr. Mondragon",
        "@geometry": "center"
      },
      "geometry": {
        "type": "Point",
        "coordinates": [
          -88.4410929,
          13.3468986
        ]
      },
      "id": "way/401110500"
    },
    {
      "type": "Feature",
      "properties": {
        "@id": "way/401116275",
        "amenity": "clinic",
        "building": "yes",
        "name": "Unidad de Salud",
        "source": "Centro Nacional de Registros",
        "@geometry": "center"
      },
      "geometry": {
        "type": "Point",
        "coordinates": [
          -88.3054843,
          13.8444738
        ]
      },
      "id": "way/401116275"
    },
    {
      "type": "Feature",
      "properties": {
        "@id": "way/401253535",
        "addr:city": "Metapán",
        "addr:street": "Avenida Isidro Menedez",
        "amenity": "clinic",
        "building": "yes",
        "healthcare": "clinic",
        "name": "Clínicas Médicas",
        "@geometry": "center"
      },
      "geometry": {
        "type": "Point",
        "coordinates": [
          -89.4468813,
          14.3325163
        ]
      },
      "id": "way/401253535"
    },
    {
      "type": "Feature",
      "properties": {
        "@id": "way/401261039",
        "addr:city": "Metapán",
        "addr:street": "Calle Benjamin E. Mancia",
        "amenity": "clinic",
        "building": "yes",
        "name": "Clínica Vida Metepán",
        "@geometry": "center"
      },
      "geometry": {
        "type": "Point",
        "coordinates": [
          -89.4478668,
          14.3308956
        ]
      },
      "id": "way/401261039"
    },
    {
      "type": "Feature",
      "properties": {
        "@id": "way/401263849",
        "amenity": "clinic",
        "building": "yes",
        "healthcare": "clinic",
        "name": "Centro Médico de Rehabilitación de Oriente",
        "operator": "Ministerio de Salud",
        "operator:short": "MINSAL",
        "operator:type": "government",
        "operator:wikidata": "Q50037290",
        "source": "KG Ground Survey 2016",
        "source_1": "Centro Nacional de Registros",
        "@geometry": "center"
      },
      "geometry": {
        "type": "Point",
        "coordinates": [
          -88.1916703,
          13.4748164
        ]
      },
      "id": "way/401263849"
    },
    {
      "type": "Feature",
      "properties": {
        "@id": "way/401267542",
        "addr:city": "Santa Ana",
        "addr:street": "11 Avenida Norte",
        "amenity": "hospital",
        "healthcare": "hospital",
        "name": "Hospital Médico Quirúrgico Santa Bárbara",
        "source": "KG Ground Survey 2016",
        "@geometry": "center"
      },
      "geometry": {
        "type": "Point",
        "coordinates": [
          -89.551379,
          13.9992564
        ]
      },
      "id": "way/401267542"
    },
    {
      "type": "Feature",
      "properties": {
        "@id": "way/401307201",
        "amenity": "clinic",
        "building": "yes",
        "name": "Unidad de Salud",
        "@geometry": "center"
      },
      "geometry": {
        "type": "Point",
        "coordinates": [
          -88.2661644,
          13.8389011
        ]
      },
      "id": "way/401307201"
    },
    {
      "type": "Feature",
      "properties": {
        "@id": "way/401494429",
        "addr:city": "Metapán",
        "addr:street": "4a Calle Poniente (Calle Las Parejas)",
        "amenity": "clinic",
        "building": "yes",
        "healthcare": "clinic",
        "name": "Clínica Médica",
        "source": "KG Ground Survey 2016",
        "@geometry": "center"
      },
      "geometry": {
        "type": "Point",
        "coordinates": [
          -89.4448824,
          14.3287094
        ]
      },
      "id": "way/401494429"
    },
    {
      "type": "Feature",
      "properties": {
        "@id": "way/401500570",
        "addr:city": "Metapán",
        "addr:street": "Avenida Isidro Gomez",
        "amenity": "hospital",
        "healthcare": "hospital",
        "name": "Hospital Centro Médico Metapaneco",
        "operator": "Ministerio de Salud",
        "operator:short": "MINSAL",
        "operator:type": "government",
        "operator:wikidata": "Q50037290",
        "@geometry": "center"
      },
      "geometry": {
        "type": "Point",
        "coordinates": [
          -89.4461036,
          14.3278538
        ]
      },
      "id": "way/401500570"
    },
    {
      "type": "Feature",
      "properties": {
        "@id": "way/401503508",
        "addr:city": "Metapán",
        "addr:street": "Avenida Isidro Menedez",
        "amenity": "clinic",
        "building": "yes",
        "healthcare": "clinic",
        "name": "Clínica Pediátrica",
        "source": "KG Ground Survey 2016",
        "@geometry": "center"
      },
      "geometry": {
        "type": "Point",
        "coordinates": [
          -89.4472295,
          14.3328871
        ]
      },
      "id": "way/401503508"
    },
    {
      "type": "Feature",
      "properties": {
        "@id": "way/401504434",
        "addr:city": "San Miguel",
        "addr:street": "7a Avenida Sur",
        "amenity": "clinic",
        "building": "yes",
        "name": "Pro Familia",
        "@geometry": "center"
      },
      "geometry": {
        "type": "Point",
        "coordinates": [
          -88.1800114,
          13.4761557
        ]
      },
      "id": "way/401504434"
    },
    {
      "type": "Feature",
      "properties": {
        "@id": "way/401507115",
        "addr:city": "San Miguel",
        "addr:street": "2a Avenida Sur",
        "amenity": "clinic",
        "building": "yes",
        "name": "Clínica Ginecologica",
        "@geometry": "center"
      },
      "geometry": {
        "type": "Point",
        "coordinates": [
          -88.1740402,
          13.4733752
        ]
      },
      "id": "way/401507115"
    },
    {
      "type": "Feature",
      "properties": {
        "@id": "way/422749025",
        "addr:city": "Guaymango",
        "addr:housenumber": "24200563",
        "addr:street": "2a Avenida Sur",
        "amenity": "clinic",
        "building": "yes",
        "healthcare": "clinic",
        "name": "Unidad de Salud",
        "operator": "Ministerio de Salud",
        "operator:short": "MINSAL",
        "operator:type": "government",
        "operator:wikidata": "Q50037290",
        "phone": "+503 2420 0563",
        "@geometry": "center"
      },
      "geometry": {
        "type": "Point",
        "coordinates": [
          -89.8449452,
          13.7456966
        ]
      },
      "id": "way/422749025"
    },
    {
      "type": "Feature",
      "properties": {
        "@id": "way/422749735",
        "addr:city": "Armenia",
        "addr:street": "2a Avenida sur",
        "amenity": "clinic",
        "building": "yes",
        "building:levels": "2",
        "name": "Unidad de Salud",
        "@geometry": "center"
      },
      "geometry": {
        "type": "Point",
        "coordinates": [
          -89.5002933,
          13.7442137
        ]
      },
      "id": "way/422749735"
    },
    {
      "type": "Feature",
      "properties": {
        "@id": "way/425311982",
        "addr:city": "Santa Ana",
        "addr:housenumber": "42",
        "addr:street": "2 Calle Poniente",
        "amenity": "clinic",
        "building": "yes",
        "building:levels": "2",
        "healthcare": "clinic",
        "name": "Casa del Niño",
        "@geometry": "center"
      },
      "geometry": {
        "type": "Point",
        "coordinates": [
          -89.5606683,
          13.9962293
        ]
      },
      "id": "way/425311982"
    },
    {
      "type": "Feature",
      "properties": {
        "@id": "way/427656041",
        "amenity": "clinic",
        "building": "yes",
        "name": "Cinica Comunal Ceiba de Guadalupe",
        "@geometry": "center"
      },
      "geometry": {
        "type": "Point",
        "coordinates": [
          -89.2415351,
          13.682107
        ]
      },
      "id": "way/427656041"
    },
    {
      "type": "Feature",
      "properties": {
        "@id": "way/435993855",
        "amenity": "hospital",
        "healthcare": "hospital",
        "name": "Centro de Salud Tutunichapa",
        "operator": "Municipal",
        "@geometry": "center"
      },
      "geometry": {
        "type": "Point",
        "coordinates": [
          -89.2052551,
          13.7028822
        ]
      },
      "id": "way/435993855"
    },
    {
      "type": "Feature",
      "properties": {
        "@id": "way/436036743",
        "addr:city": "San Salvador",
        "addr:street": "23 Avenida Sur",
        "amenity": "hospital",
        "building:levels": "4",
        "emergency": "yes",
        "healthcare": "hospital",
        "healthcare:speciality": "paediatrics",
        "name": "Hospital 1 de Mayo",
        "operator": "Instituto Salvadoreño del Seguro Social",
        "operator:type": "private_non_profit",
        "@geometry": "center"
      },
      "geometry": {
        "type": "Point",
        "coordinates": [
          -89.204144,
          13.6999492
        ]
      },
      "id": "way/436036743"
    },
    {
      "type": "Feature",
      "properties": {
        "@id": "way/442217631",
        "addr:city": "Antiguo Cuscatlan",
        "addr:street": "Boulevard Orden de Malta",
        "amenity": "clinic",
        "building": "yes",
        "healthcare": "clinic",
        "name": "Clinicas Santa Elena",
        "@geometry": "center"
      },
      "geometry": {
        "type": "Point",
        "coordinates": [
          -89.2565546,
          13.6614338
        ]
      },
      "id": "way/442217631"
    },
    {
      "type": "Feature",
      "properties": {
        "@id": "way/442525048",
        "addr:city": "Guadalupe",
        "addr:street": "7ª Calle Oriente",
        "amenity": "clinic",
        "building": "yes",
        "healthcare": "clinic",
        "name": "Unidad de Salud",
        "@geometry": "center"
      },
      "geometry": {
        "type": "Point",
        "coordinates": [
          -88.879878,
          13.6219689
        ]
      },
      "id": "way/442525048"
    },
    {
      "type": "Feature",
      "properties": {
        "@id": "way/442688120",
        "addr:city": "San Emigdio El Tablón",
        "amenity": "hospital",
        "name": "Unidad de Salud",
        "@geometry": "center"
      },
      "geometry": {
        "type": "Point",
        "coordinates": [
          -88.8611743,
          13.6248546
        ]
      },
      "id": "way/442688120"
    },
    {
      "type": "Feature",
      "properties": {
        "@id": "node/443211907",
        "amenity": "hospital",
        "check_date:currency:XBT": "2024-12-03",
        "currency:XBT": "yes",
        "healthcare": "hospital",
        "name": "Hospital Centro de Diagnóstico",
        "payment:lightning": "yes",
        "payment:onchain": "yes",
        "wheelchair": "yes"
      },
      "geometry": {
        "type": "Point",
        "coordinates": [
          -89.2025771,
          13.7101817
        ]
      },
      "id": "node/443211907"
    },
    {
      "type": "Feature",
      "properties": {
        "@id": "node/443212089",
        "amenity": "hospital",
        "healthcare": "hospital",
        "name": "Hospital de Emergencias"
      },
      "geometry": {
        "type": "Point",
        "coordinates": [
          -89.2012553,
          13.7085306
        ]
      },
      "id": "node/443212089"
    },
    {
      "type": "Feature",
      "properties": {
        "@id": "node/444629522",
        "amenity": "hospital",
        "healthcare": "hospital",
        "healthcare:speciality": "general",
        "name": "Unidad de FOSALUD"
      },
      "geometry": {
        "type": "Point",
        "coordinates": [
          -89.1405632,
          13.7141411
        ]
      },
      "id": "node/444629522"
    },
    {
      "type": "Feature",
      "properties": {
        "@id": "way/445412803",
        "addr:city": "Santa Catarina Masahuat",
        "amenity": "clinic",
        "building": "yes",
        "healthcare": "clinic",
        "name": "Unidad de Salud",
        "operator": "Ministerio de Salud",
        "operator:short": "MINSAL",
        "operator:type": "government",
        "operator:wikidata": "Q50037290",
        "@geometry": "center"
      },
      "geometry": {
        "type": "Point",
        "coordinates": [
          -89.7651382,
          13.789777
        ]
      },
      "id": "way/445412803"
    },
    {
      "type": "Feature",
      "properties": {
        "@id": "way/445417050",
        "addr:city": "Santo Domingo de Guzmán",
        "addr:street": "Calle 3º de Agosto Oriente",
        "amenity": "clinic",
        "building": "yes",
        "healthcare": "clinic",
        "name": "Unidad de Salud",
        "name:Nawat": "Kalkukuyanet",
        "@geometry": "center"
      },
      "geometry": {
        "type": "Point",
        "coordinates": [
          -89.79753,
          13.7170579
        ]
      },
      "id": "way/445417050"
    },
    {
      "type": "Feature",
      "properties": {
        "@id": "way/446419890",
        "alt_name": "Hospital de Maternidad",
        "amenity": "hospital",
        "healthcare": "hospital",
        "name": "Hospital Nacional de la Mujer \"Doctora Maria Isabel Rodriguez\"",
        "@geometry": "center"
      },
      "geometry": {
        "type": "Point",
        "coordinates": [
          -89.2043962,
          13.6906741
        ]
      },
      "id": "way/446419890"
    },
    {
      "type": "Feature",
      "properties": {
        "@id": "way/446923600",
        "addr:city": "Soyapango",
        "amenity": "hospital",
        "emergency": "yes",
        "healthcare": "hospital",
        "healthcare:speciality": "general;stomatology",
        "name": "Unida Medica Soyapango-ISSS",
        "@geometry": "center"
      },
      "geometry": {
        "type": "Point",
        "coordinates": [
          -89.1466844,
          13.7140617
        ]
      },
      "id": "way/446923600"
    },
    {
      "type": "Feature",
      "properties": {
        "@id": "way/451050436",
        "addr:city": "Dolores",
        "amenity": "clinic",
        "building": "yes",
        "healthcare": "clinic",
        "name": "Unidad de Salud Ciudad Dolores",
        "@geometry": "center"
      },
      "geometry": {
        "type": "Point",
        "coordinates": [
          -88.5658312,
          13.7819765
        ]
      },
      "id": "way/451050436"
    },
    {
      "type": "Feature",
      "properties": {
        "@id": "way/458890656",
        "amenity": "hospital",
        "@geometry": "center"
      },
      "geometry": {
        "type": "Point",
        "coordinates": [
          -89.8429497,
          13.9240501
        ]
      },
      "id": "way/458890656"
    },
    {
      "type": "Feature",
      "properties": {
        "@id": "way/461595304",
        "amenity": "clinic",
        "building": "yes",
        "name": "Audio Med",
        "@geometry": "center"
      },
      "geometry": {
        "type": "Point",
        "coordinates": [
          -89.2149647,
          13.710759
        ]
      },
      "id": "way/461595304"
    },
    {
      "type": "Feature",
      "properties": {
        "@id": "way/465545592",
        "addr:city": "Cuscatancingo",
        "addr:housenumber": "7",
        "addr:street": "Calle Bolívar",
        "amenity": "clinic",
        "building": "yes",
        "name": "Clínica Comunal ISSS",
        "opening_hours": "07:00-16:00",
        "phone": "+503 2593 0008",
        "source": "http://www.isss.gob.sv/index.php?option=com_content&view=article&id=55&Itemid=102",
        "start_date": "1997-10-11",
        "website": "https://www.isss.gob.sv/",
        "@geometry": "center"
      },
      "geometry": {
        "type": "Point",
        "coordinates": [
          -89.1817281,
          13.7318146
        ]
      },
      "id": "way/465545592"
    },
    {
      "type": "Feature",
      "properties": {
        "@id": "way/477224712",
        "addr:city": "Nahulingo",
        "addr:street": "Avenida 23 de Noviembre Sur",
        "amenity": "hospital",
        "building": "yes",
        "healthcare": "hospital",
        "healthcare:speciality": "community",
        "name": "UCSF Nahulingo",
        "@geometry": "center"
      },
      "geometry": {
        "type": "Point",
        "coordinates": [
          -89.7163796,
          13.7014363
        ]
      },
      "id": "way/477224712"
    },
    {
      "type": "Feature",
      "properties": {
        "@id": "way/490620150",
        "addr:city": "San Cayetano Istepeque",
        "amenity": "clinic",
        "building": "yes",
        "healthcare": "clinic",
        "name": "Unidad de Salud",
        "@geometry": "center"
      },
      "geometry": {
        "type": "Point",
        "coordinates": [
          -88.8086749,
          13.6514902
        ]
      },
      "id": "way/490620150"
    },
    {
      "type": "Feature",
      "properties": {
        "@id": "way/504636327",
        "addr:city": "Tamanique",
        "amenity": "clinic",
        "building": "yes",
        "healthcare": "clinic",
        "name": "Unidad de Salud",
        "@geometry": "center"
      },
      "geometry": {
        "type": "Point",
        "coordinates": [
          -89.4188264,
          13.5983892
        ]
      },
      "id": "way/504636327"
    },
    {
      "type": "Feature",
      "properties": {
        "@id": "way/506263464",
        "amenity": "hospital",
        "healthcare": "hospital",
        "name": "Hospital Nacional Santa Teresa",
        "operator": "Ministerio de Salud",
        "operator:short": "MINSAL",
        "operator:type": "government",
        "operator:wikidata": "Q50037290",
        "@geometry": "center"
      },
      "geometry": {
        "type": "Point",
        "coordinates": [
          -88.8680208,
          13.5172168
        ]
      },
      "id": "way/506263464"
    },
    {
      "type": "Feature",
      "properties": {
        "@id": "way/525480282",
        "addr:city": "Armenia",
        "addr:street": "3a Calle Oriente",
        "amenity": "clinic",
        "building": "yes",
        "building:levels": "1",
        "name": "Tu Médico",
        "@geometry": "center"
      },
      "geometry": {
        "type": "Point",
        "coordinates": [
          -89.4994475,
          13.7464164
        ]
      },
      "id": "way/525480282"
    },
    {
      "type": "Feature",
      "properties": {
        "@id": "way/525480283",
        "addr:city": "Armenia",
        "addr:street": "3a Calle Oriente",
        "amenity": "clinic",
        "building": "yes",
        "building:levels": "1",
        "name": "Laboratorio Clínico San José",
        "@geometry": "center"
      },
      "geometry": {
        "type": "Point",
        "coordinates": [
          -89.4995725,
          13.7464151
        ]
      },
      "id": "way/525480283"
    },
    {
      "type": "Feature",
      "properties": {
        "@id": "way/528927451",
        "addr:city": "Armenia",
        "addr:street": "5a Calle Oriente",
        "amenity": "clinic",
        "building": "yes",
        "building:levels": "1",
        "name": "Consultorio Magisterial",
        "@geometry": "center"
      },
      "geometry": {
        "type": "Point",
        "coordinates": [
          -89.4970859,
          13.7468932
        ]
      },
      "id": "way/528927451"
    },
    {
      "type": "Feature",
      "properties": {
        "@id": "way/529089473",
        "addr:city": "Armenia",
        "addr:street": "Avenida 9 de Septiembre",
        "amenity": "clinic",
        "building": "yes",
        "building:levels": "1",
        "name": "Cruz Roja Salvadoreña",
        "@geometry": "center"
      },
      "geometry": {
        "type": "Point",
        "coordinates": [
          -89.5012235,
          13.7449423
        ]
      },
      "id": "way/529089473"
    },
    {
      "type": "Feature",
      "properties": {
        "@id": "way/529591187",
        "addr:city": "San Salvador",
        "addr:street": "Diagonal Hector Silva",
        "amenity": "clinic",
        "building": "yes",
        "building:levels": "1",
        "healthcare": "clinic",
        "name": "Policlínico Magisterial",
        "opening_hours": "Mo-Sa 07:00-14:00",
        "@geometry": "center"
      },
      "geometry": {
        "type": "Point",
        "coordinates": [
          -89.2022879,
          13.7066347
        ]
      },
      "id": "way/529591187"
    },
    {
      "type": "Feature",
      "properties": {
        "@id": "way/533060791",
        "addr:city": "Chalatenango",
        "addr:housenumber": "Barrio La Sierpe",
        "addr:street": "Calle San Miguel de Mercedes",
        "amenity": "hospital",
        "healthcare": "hospital",
        "healthcare:speciality": "emergency",
        "name": "Cruz Roja Salvadoreña Seccional Chalatenango",
        "phone": "2335-2102",
        "@geometry": "center"
      },
      "geometry": {
        "type": "Point",
        "coordinates": [
          -88.9349069,
          14.0350568
        ]
      },
      "id": "way/533060791"
    },
    {
      "type": "Feature",
      "properties": {
        "@id": "way/541308878",
        "addr:city": "Santa Tecla",
        "addr:street": "4a Avenida Norte",
        "amenity": "hospital",
        "building:levels": "1",
        "check_date": "2026-05-20",
        "healthcare": "hospital",
        "healthcare:speciality": "general",
        "name": "Hospital Policlínica Casa de Salud",
        "@geometry": "center"
      },
      "geometry": {
        "type": "Point",
        "coordinates": [
          -89.2904356,
          13.6771413
        ]
      },
      "id": "way/541308878"
    },
    {
      "type": "Feature",
      "properties": {
        "@id": "way/541310871",
        "addr:city": "Santa Tecla",
        "addr:street": "4a Avenida Norte",
        "amenity": "clinic",
        "building": "yes",
        "building:levels": "1",
        "healthcare": "clinic",
        "name": "Policlinico Magisterial",
        "@geometry": "center"
      },
      "geometry": {
        "type": "Point",
        "coordinates": [
          -89.2899048,
          13.6784227
        ]
      },
      "id": "way/541310871"
    },
    {
      "type": "Feature",
      "properties": {
        "@id": "way/543198680",
        "addr:city": "Sonsonate",
        "addr:street": "1 Calle Oriente",
        "amenity": "hospital",
        "emergency": "yes",
        "healthcare": "hospital",
        "healthcare:speciality": "general",
        "name": "Hospital Nacional de Sonsonate \"Jorge Mazzini Villacorta\"",
        "operator": "Ministerio de Salud",
        "operator:short": "MINSAL",
        "operator:type": "public",
        "operator:wikidata": "Q50037290",
        "@geometry": "center"
      },
      "geometry": {
        "type": "Point",
        "coordinates": [
          -89.7292116,
          13.7228276
        ]
      },
      "id": "way/543198680"
    },
    {
      "type": "Feature",
      "properties": {
        "@id": "way/545081538",
        "addr:city": "San Salvador",
        "addr:housenumber": "307",
        "addr:street": "Calle Padres Aguilar",
        "amenity": "clinic",
        "building": "yes",
        "healthcare": "clinic",
        "name": "Multiclínicas Escalón",
        "@geometry": "center"
      },
      "geometry": {
        "type": "Point",
        "coordinates": [
          -89.2381596,
          13.700637
        ]
      },
      "id": "way/545081538"
    },
    {
      "type": "Feature",
      "properties": {
        "@id": "way/549827735",
        "addr:city": "Concepción Quezaltepeque",
        "amenity": "hospital",
        "emergency": "yes",
        "healthcare": "hospital",
        "healthcare:speciality": "general;emergency",
        "name": "Unidad de Salud Concepción Quezaltepeque",
        "@geometry": "center"
      },
      "geometry": {
        "type": "Point",
        "coordinates": [
          -88.9637304,
          14.084665
        ]
      },
      "id": "way/549827735"
    },
    {
      "type": "Feature",
      "properties": {
        "@id": "way/555024783",
        "addr:city": "Nahuizalco",
        "amenity": "hospital",
        "building": "yes",
        "healthcare": "hospital",
        "healthcare:speciality": "community",
        "name": "Unidad de Salud de Nahuizalco",
        "operator": "Ministerio de Salud",
        "operator:short": "MINSAL",
        "operator:type": "government",
        "operator:wikidata": "Q50037290",
        "website": "https://www.salud.gob.sv/",
        "@geometry": "center"
      },
      "geometry": {
        "type": "Point",
        "coordinates": [
          -89.7371702,
          13.7803451
        ]
      },
      "id": "way/555024783"
    },
    {
      "type": "Feature",
      "properties": {
        "@id": "way/561069354",
        "amenity": "hospital",
        "healthcare": "hospital",
        "name": "Instituto Salvadoreño del Seguro Social",
        "@geometry": "center"
      },
      "geometry": {
        "type": "Point",
        "coordinates": [
          -88.4432594,
          13.3474475
        ]
      },
      "id": "way/561069354"
    },
    {
      "type": "Feature",
      "properties": {
        "@id": "way/565558865",
        "amenity": "hospital",
        "emergency": "yes",
        "healthcare": "hospital",
        "healthcare:speciality": "general;dentistry;physiatry;community",
        "name": "ISSS Atlacatl",
        "@geometry": "center"
      },
      "geometry": {
        "type": "Point",
        "coordinates": [
          -89.179388,
          13.7124267
        ]
      },
      "id": "way/565558865"
    },
    {
      "type": "Feature",
      "properties": {
        "@id": "way/566128572",
        "amenity": "clinic",
        "building": "yes",
        "healthcare": "clinic",
        "name": "Clínica ISSS Roosevelt",
        "operator": "ISSS",
        "@geometry": "center"
      },
      "geometry": {
        "type": "Point",
        "coordinates": [
          -88.1726664,
          13.4659965
        ]
      },
      "id": "way/566128572"
    },
    {
      "type": "Feature",
      "properties": {
        "@id": "way/569821297",
        "addr:city": "San Salvador",
        "addr:housenumber": "1029",
        "addr:street": "Avenida Olímpica",
        "amenity": "clinic",
        "building": "yes",
        "building:levels": "1",
        "healthcare": "clinic",
        "name": "Centro Medico de Especialidades Bethoven",
        "@geometry": "center"
      },
      "geometry": {
        "type": "Point",
        "coordinates": [
          -89.2323237,
          13.7011869
        ]
      },
      "id": "way/569821297"
    },
    {
      "type": "Feature",
      "properties": {
        "@id": "way/569827650",
        "addr:city": "San Salvador",
        "addr:street": "27 Avenida Norte",
        "amenity": "clinic",
        "building": "yes",
        "building:levels": "1",
        "healthcare": "clinic",
        "name": "Cirma",
        "@geometry": "center"
      },
      "geometry": {
        "type": "Point",
        "coordinates": [
          -89.2054385,
          13.7097285
        ]
      },
      "id": "way/569827650"
    },
    {
      "type": "Feature",
      "properties": {
        "@id": "way/572757884",
        "amenity": "clinic",
        "building": "yes",
        "healthcare": "clinic",
        "healthcare:speciality": "general",
        "name": "Chintuc 1",
        "@geometry": "center"
      },
      "geometry": {
        "type": "Point",
        "coordinates": [
          -89.1808878,
          13.8112505
        ]
      },
      "id": "way/572757884"
    },
    {
      "type": "Feature",
      "properties": {
        "@id": "way/576913014",
        "addr:city": "Santo Tomas Tejutla",
        "amenity": "clinic",
        "building": "yes",
        "healthcare": "clinic",
        "name": "Unidad de Salud",
        "@geometry": "center"
      },
      "geometry": {
        "type": "Point",
        "coordinates": [
          -89.1010751,
          14.1694263
        ]
      },
      "id": "way/576913014"
    },
    {
      "type": "Feature",
      "properties": {
        "@id": "way/577912669",
        "addr:city": "El Porvenir",
        "amenity": "clinic",
        "building": "yes",
        "healthcare": "clinic",
        "name": "Unidad de Salud",
        "operator": "Ministerio de Salud",
        "operator:short": "MINSAL",
        "operator:type": "government",
        "operator:wikidata": "Q50037290",
        "@geometry": "center"
      },
      "geometry": {
        "type": "Point",
        "coordinates": [
          -89.6480236,
          14.0181286
        ]
      },
      "id": "way/577912669"
    },
    {
      "type": "Feature",
      "properties": {
        "@id": "way/586424593",
        "amenity": "hospital",
        "healthcare": "hospital",
        "healthcare:speciality": "general;stomatology",
        "name": "Unidad de Salud San miguelito",
        "@geometry": "center"
      },
      "geometry": {
        "type": "Point",
        "coordinates": [
          -89.1813242,
          13.7108956
        ]
      },
      "id": "way/586424593"
    },
    {
      "type": "Feature",
      "properties": {
        "@id": "way/588481889",
        "addr:city": "Santa Tecla",
        "addr:street": "9a Calle Poniente",
        "amenity": "clinic",
        "building": "yes",
        "healthcare": "clinic",
        "healthcare:speciality": "general",
        "name": "Clínica Comunal Santa Mónica",
        "name_1": "ISSS Clínica Comunal Santa Mónica",
        "@geometry": "center"
      },
      "geometry": {
        "type": "Point",
        "coordinates": [
          -89.2848637,
          13.6798321
        ]
      },
      "id": "way/588481889"
    },
    {
      "type": "Feature",
      "properties": {
        "@id": "way/619584376",
        "amenity": "clinic",
        "building": "yes",
        "healthcare": "clinic",
        "@geometry": "center"
      },
      "geometry": {
        "type": "Point",
        "coordinates": [
          -88.8969883,
          13.5047322
        ]
      },
      "id": "way/619584376"
    },
    {
      "type": "Feature",
      "properties": {
        "@id": "way/620213739",
        "amenity": "clinic",
        "building": "yes",
        "healthcare": "clinic",
        "name": "Clínica Empresarial",
        "@geometry": "center"
      },
      "geometry": {
        "type": "Point",
        "coordinates": [
          -89.2795986,
          13.6734256
        ]
      },
      "id": "way/620213739"
    },
    {
      "type": "Feature",
      "properties": {
        "@id": "way/624517579",
        "amenity": "clinic",
        "building": "yes",
        "healthcare": "clinic",
        "name": "Unidad de Salud de Jocoro",
        "operator": "ministerio de salud",
        "operator:type": "government",
        "@geometry": "center"
      },
      "geometry": {
        "type": "Point",
        "coordinates": [
          -88.0252594,
          13.6134623
        ]
      },
      "id": "way/624517579"
    },
    {
      "type": "Feature",
      "properties": {
        "@id": "way/632270864",
        "amenity": "clinic",
        "building": "yes",
        "healthcare": "clinic",
        "name": "Periferica San Vicente",
        "@geometry": "center"
      },
      "geometry": {
        "type": "Point",
        "coordinates": [
          -88.7779091,
          13.6453972
        ]
      },
      "id": "way/632270864"
    },
    {
      "type": "Feature",
      "properties": {
        "@id": "node/633117211",
        "amenity": "hospital",
        "name": "Fosalud San Jacinto"
      },
      "geometry": {
        "type": "Point",
        "coordinates": [
          -89.1918331,
          13.6853511
        ]
      },
      "id": "node/633117211"
    },
    {
      "type": "Feature",
      "properties": {
        "@id": "node/633120249",
        "amenity": "hospital",
        "name": "Unidad de Salud Amatepec"
      },
      "geometry": {
        "type": "Point",
        "coordinates": [
          -89.1676531,
          13.6910768
        ]
      },
      "id": "node/633120249"
    },
    {
      "type": "Feature",
      "properties": {
        "@id": "way/633568354",
        "addr:city": "Corinto",
        "addr:street": "4ª Calle Poniente",
        "amenity": "clinic",
        "building": "yes",
        "healthcare": "clinic",
        "name": "Clínica Ginecologica-Obstetrica Divino Niñp",
        "@geometry": "center"
      },
      "geometry": {
        "type": "Point",
        "coordinates": [
          -87.9709686,
          13.8104266
        ]
      },
      "id": "way/633568354"
    },
    {
      "type": "Feature",
      "properties": {
        "@id": "node/661971230",
        "amenity": "hospital",
        "healthcare": "hospital",
        "healthcare:speciality": "general",
        "name": "Hospital San Mateo",
        "operator": "Ministerio de Salud",
        "operator:short": "MINSAL",
        "operator:type": "government",
        "operator:wikidata": "Q50037290"
      },
      "geometry": {
        "type": "Point",
        "coordinates": [
          -89.3685931,
          13.7246396
        ]
      },
      "id": "node/661971230"
    },
    {
      "type": "Feature",
      "properties": {
        "@id": "way/663300839",
        "addr:city": "Ilobasco",
        "amenity": "hospital",
        "healthcare": "hospital",
        "name": "Parque los Desamparados",
        "@geometry": "center"
      },
      "geometry": {
        "type": "Point",
        "coordinates": [
          -88.8473523,
          13.8413679
        ]
      },
      "id": "way/663300839"
    },
    {
      "type": "Feature",
      "properties": {
        "@id": "way/666573509",
        "addr:city": "Cuscatancingo",
        "amenity": "clinic",
        "building": "hospital",
        "building:levels": "2",
        "healthcare": "clinic",
        "name": "Unidad Médica ISSS",
        "nohousenumber": "yes",
        "operator": "Ministerio de Salud",
        "operator:short": "MINSAL",
        "operator:type": "government",
        "operator:wikidata": "Q50037290",
        "@geometry": "center"
      },
      "geometry": {
        "type": "Point",
        "coordinates": [
          -88.9381235,
          13.7252432
        ]
      },
      "id": "way/666573509"
    },
    {
      "type": "Feature",
      "properties": {
        "@id": "way/671283006",
        "amenity": "hospital",
        "healthcare": "hospital",
        "name": "Hospital Divina Providencia",
        "@geometry": "center"
      },
      "geometry": {
        "type": "Point",
        "coordinates": [
          -89.2235011,
          13.7112849
        ]
      },
      "id": "way/671283006"
    },
    {
      "type": "Feature",
      "properties": {
        "@id": "way/671291220",
        "amenity": "clinic",
        "building": "yes",
        "healthcare": "clinic",
        "name": "Clínica EPSSA",
        "@geometry": "center"
      },
      "geometry": {
        "type": "Point",
        "coordinates": [
          -89.23916,
          13.7002741
        ]
      },
      "id": "way/671291220"
    },
    {
      "type": "Feature",
      "properties": {
        "@id": "way/671291221",
        "amenity": "clinic",
        "building": "yes",
        "healthcare": "clinic",
        "healthcare:speciality": "surgery;internal",
        "name": "CECIAM",
        "@geometry": "center"
      },
      "geometry": {
        "type": "Point",
        "coordinates": [
          -89.2398359,
          13.7004582
        ]
      },
      "id": "way/671291221"
    },
    {
      "type": "Feature",
      "properties": {
        "@id": "way/679610279",
        "addr:city": "Sensuntepeque",
        "amenity": "hospital",
        "healthcare": "hospital",
        "name": "Hospital Nacional de Sensuntepeque",
        "@geometry": "center"
      },
      "geometry": {
        "type": "Point",
        "coordinates": [
          -88.622188,
          13.8751429
        ]
      },
      "id": "way/679610279"
    },
    {
      "type": "Feature",
      "properties": {
        "@id": "way/693648153",
        "addr:city": "Santa Tecla",
        "addr:housenumber": "3",
        "addr:street": "8a Avenida Sur",
        "alt_name": "UM ISSS Santa Tecla",
        "amenity": "hospital",
        "emergency": "yes",
        "healthcare": "hospital",
        "healthcare:speciality": "general;dentistry;gynaecology;emergency;cardiology;ophthalmology;dermatology",
        "name": "ISSS Santa Tecla",
        "official_name": "Unidad Medica ISSS Santa Tecla",
        "operator": "Instituto Salvadoreño del Seguro Social",
        "operator:type": "government",
        "phone": "+50325912167;+50325912168",
        "@geometry": "center"
      },
      "geometry": {
        "type": "Point",
        "coordinates": [
          -89.2929931,
          13.6705268
        ]
      },
      "id": "way/693648153"
    },
    {
      "type": "Feature",
      "properties": {
        "@id": "way/693779698",
        "addr:city": "Santa Tecla",
        "addr:housenumber": "3-4",
        "addr:street": "8a Calle Poniente",
        "amenity": "clinic",
        "building": "yes",
        "healthcare": "clinic",
        "healthcare:speciality": "general;paediatrics;dentistry;ophthalmology;orthopaedics;gynaecology;dermatology",
        "name": "Clínica Orden de Malta Santa Tecla",
        "name_1": "Clínica San Vicente de Paul Orden de Malta Santa Tecla",
        "payment:cash": "yes",
        "phone": "+50322282116",
        "wheelchair": "yes",
        "@geometry": "center"
      },
      "geometry": {
        "type": "Point",
        "coordinates": [
          -89.2907067,
          13.6702539
        ]
      },
      "id": "way/693779698"
    },
    {
      "type": "Feature",
      "properties": {
        "@id": "way/694598139",
        "addr:city": "Santa Tecla",
        "addr:street": "Calle San Salvador",
        "amenity": "clinic",
        "building": "yes",
        "healthcare": "clinic",
        "healthcare:speciality": "general",
        "name": "Unidad de Salud Aguilar Rivas",
        "name_1": "UCSF Aguilar Rivas",
        "opening_hours": "24/7",
        "@geometry": "center"
      },
      "geometry": {
        "type": "Point",
        "coordinates": [
          -89.3040735,
          13.6841301
        ]
      },
      "id": "way/694598139"
    },
    {
      "type": "Feature",
      "properties": {
        "@id": "way/696979532",
        "alt_name": "CEM Sensuntepeque",
        "amenity": "clinic",
        "healthcare": "clinic",
        "healthcare:speciality": "maternity",
        "name": "Centro de Espera Materna | Sensuntepeque",
        "@geometry": "center"
      },
      "geometry": {
        "type": "Point",
        "coordinates": [
          -88.629878,
          13.8751036
        ]
      },
      "id": "way/696979532"
    },
    {
      "type": "Feature",
      "properties": {
        "@id": "way/700260772",
        "addr:city": "Tonacatepeque",
        "addr:street": "Calle a Tacuazinapa",
        "amenity": "clinic",
        "building": "yes",
        "healthcare": "clinic",
        "healthcare:speciality": "general",
        "name": "USCF Tonacatepeque",
        "opening_hours": "24/7",
        "@geometry": "center"
      },
      "geometry": {
        "type": "Point",
        "coordinates": [
          -89.1139934,
          13.7772284
        ]
      },
      "id": "way/700260772"
    },
    {
      "type": "Feature",
      "properties": {
        "@id": "way/705220711",
        "amenity": "hospital",
        "description": "Cantón Ashapuco, Colonia el Zacamil, Ahuachapán,El Salvador, C.A. Atención Emergencias 24 horas",
        "emergency": "yes",
        "healthcare": "hospital",
        "healthcare:speciality": "general;emergency",
        "name": "Hospital Nacional General Francisco Menéndez",
        "operator": "Ministerio de Salud",
        "operator:short": "MINSAL",
        "operator:type": "government",
        "operator:wikidata": "Q50037290",
        "@geometry": "center"
      },
      "geometry": {
        "type": "Point",
        "coordinates": [
          -89.8464141,
          13.9292485
        ]
      },
      "id": "way/705220711"
    },
    {
      "type": "Feature",
      "properties": {
        "@id": "way/732755311",
        "addr:city": "Ilobasco",
        "amenity": "hospital",
        "emergency": "yes",
        "healthcare": "hospital",
        "name": "Hospital Nacional de Ilobasco",
        "@geometry": "center"
      },
      "geometry": {
        "type": "Point",
        "coordinates": [
          -88.8587581,
          13.8391989
        ]
      },
      "id": "way/732755311"
    },
    {
      "type": "Feature",
      "properties": {
        "@id": "way/732974959",
        "addr:city": "San Isidro",
        "amenity": "clinic",
        "healthcare": "clinic",
        "name": "Unidad de Salud de San Isidro",
        "@geometry": "center"
      },
      "geometry": {
        "type": "Point",
        "coordinates": [
          -88.7219834,
          13.8312288
        ]
      },
      "id": "way/732974959"
    },
    {
      "type": "Feature",
      "properties": {
        "@id": "way/733099261",
        "addr:city": "Azacualpa",
        "amenity": "clinic",
        "building": "yes",
        "healthcare": "clinic",
        "name": "Unidad de Salud de Azacualpa",
        "@geometry": "center"
      },
      "geometry": {
        "type": "Point",
        "coordinates": [
          -88.9847176,
          13.9882095
        ]
      },
      "id": "way/733099261"
    },
    {
      "type": "Feature",
      "properties": {
        "@id": "way/734329516",
        "amenity": "hospital",
        "healthcare": "hospital",
        "name": "Instituto Salvadoreño del Seguro Social (ISSS)",
        "@geometry": "center"
      },
      "geometry": {
        "type": "Point",
        "coordinates": [
          -88.8708994,
          13.513757
        ]
      },
      "id": "way/734329516"
    },
    {
      "type": "Feature",
      "properties": {
        "@id": "way/736941562",
        "addr:city": "Nueva Concepción",
        "amenity": "hospital",
        "emergency": "yes",
        "healthcare": "hospital",
        "name": "Hospital Nacional Nueva Concepción",
        "operator": "Ministerio de Salud",
        "operator:short": "MINSAL",
        "operator:type": "government",
        "operator:wikidata": "Q50037290",
        "@geometry": "center"
      },
      "geometry": {
        "type": "Point",
        "coordinates": [
          -89.2883944,
          14.1313917
        ]
      },
      "id": "way/736941562"
    },
    {
      "type": "Feature",
      "properties": {
        "@id": "way/736944651",
        "addr:city": "Nueva Trinidad",
        "amenity": "clinic",
        "building": "yes",
        "healthcare": "clinic",
        "name": "Unidad de Salud Nueva Trinidad",
        "@geometry": "center"
      },
      "geometry": {
        "type": "Point",
        "coordinates": [
          -88.7884911,
          14.0731677
        ]
      },
      "id": "way/736944651"
    },
    {
      "type": "Feature",
      "properties": {
        "@id": "way/737961233",
        "amenity": "hospital",
        "healthcare": "hospital",
        "name": "Unidad de Salud Puerto de la Libertad",
        "@geometry": "center"
      },
      "geometry": {
        "type": "Point",
        "coordinates": [
          -89.3386571,
          13.4860496
        ]
      },
      "id": "way/737961233"
    },
    {
      "type": "Feature",
      "properties": {
        "@id": "way/738648899",
        "addr:city": "Zaragoza",
        "amenity": "clinic",
        "building": "yes",
        "healthcare": "clinic",
        "name": "Unidad de Salud de Zaragoza",
        "operator": "Ministerio de Salud",
        "operator:short": "MINSAL",
        "operator:type": "government",
        "operator:wikidata": "Q50037290",
        "@geometry": "center"
      },
      "geometry": {
        "type": "Point",
        "coordinates": [
          -89.2889987,
          13.5886533
        ]
      },
      "id": "way/738648899"
    },
    {
      "type": "Feature",
      "properties": {
        "@id": "way/740004429",
        "amenity": "clinic",
        "building": "yes",
        "healthcare": "clinic",
        "name": "Hogar de Espera Materna",
        "@geometry": "center"
      },
      "geometry": {
        "type": "Point",
        "coordinates": [
          -89.7269404,
          13.7144131
        ]
      },
      "id": "way/740004429"
    },
    {
      "type": "Feature",
      "properties": {
        "@id": "way/740397392",
        "addr:city": "San Luis La Herradura",
        "amenity": "clinic",
        "building": "yes",
        "healthcare": "clinic",
        "name": "Unidad de Salud",
        "operator": "Ministerio de Salud",
        "operator:short": "MINSAL",
        "operator:type": "government",
        "operator:wikidata": "Q50037290",
        "@geometry": "center"
      },
      "geometry": {
        "type": "Point",
        "coordinates": [
          -88.956439,
          13.3492664
        ]
      },
      "id": "way/740397392"
    },
    {
      "type": "Feature",
      "properties": {
        "@id": "way/741010546",
        "addr:city": "Santa Rosa de Lima",
        "amenity": "hospital",
        "healthcare": "hospital",
        "name": "Hospital Nacional Santa Rosa de Lima",
        "@geometry": "center"
      },
      "geometry": {
        "type": "Point",
        "coordinates": [
          -87.8968032,
          13.6206222
        ]
      },
      "id": "way/741010546"
    },
    {
      "type": "Feature",
      "properties": {
        "@id": "way/741089772",
        "addr:city": "Ciudad Barrios",
        "amenity": "hospital",
        "healthcare": "hospital",
        "name": "Hospital Nacional Monseñor Óscar Arnulfo Romero",
        "@geometry": "center"
      },
      "geometry": {
        "type": "Point",
        "coordinates": [
          -88.2680037,
          13.7667666
        ]
      },
      "id": "way/741089772"
    },
    {
      "type": "Feature",
      "properties": {
        "@id": "way/742336376",
        "addr:city": "Rosario de Mora",
        "addr:street": "Avenida Central Sur",
        "amenity": "clinic",
        "building": "yes",
        "healthcare": "clinic",
        "name": "Unidad de Salud",
        "@geometry": "center"
      },
      "geometry": {
        "type": "Point",
        "coordinates": [
          -89.2068912,
          13.574272
        ]
      },
      "id": "way/742336376"
    },
    {
      "type": "Feature",
      "properties": {
        "@id": "way/742632722",
        "addr:city": "Apastepeque",
        "amenity": "clinic",
        "building": "yes",
        "healthcare": "clinic",
        "name": "Unidad de Salud",
        "operator": "Ministerio de Salud",
        "operator:short": "MINSAL",
        "operator:type": "government",
        "operator:wikidata": "Q50037290",
        "@geometry": "center"
      },
      "geometry": {
        "type": "Point",
        "coordinates": [
          -88.7776879,
          13.6695615
        ]
      },
      "id": "way/742632722"
    },
    {
      "type": "Feature",
      "properties": {
        "@id": "way/742868753",
        "addr:city": "San Ildefonso",
        "amenity": "clinic",
        "building": "yes",
        "healthcare": "clinic",
        "name": "Unidad de Salud",
        "@geometry": "center"
      },
      "geometry": {
        "type": "Point",
        "coordinates": [
          -88.563084,
          13.7053784
        ]
      },
      "id": "way/742868753"
    },
    {
      "type": "Feature",
      "properties": {
        "@id": "way/745052704",
        "addr:city": "San Antonio del Monte",
        "amenity": "clinic",
        "building": "yes",
        "healthcare": "clinic",
        "name": "Unidad de Salud",
        "operator": "Ministerio de Salud",
        "operator:short": "MINSAL",
        "operator:type": "government",
        "operator:wikidata": "Q50037290",
        "@geometry": "center"
      },
      "geometry": {
        "type": "Point",
        "coordinates": [
          -89.7377887,
          13.7171087
        ]
      },
      "id": "way/745052704"
    },
    {
      "type": "Feature",
      "properties": {
        "@id": "way/745434052",
        "addr:city": "Berlín",
        "amenity": "clinic",
        "building": "yes",
        "healthcare": "clinic",
        "name": "Unidad de Salud Berlin",
        "opening_hours": "24/7",
        "operator": "Ministerio de Salud",
        "operator:short": "MINSAL",
        "operator:type": "government",
        "operator:wikidata": "Q50037290",
        "@geometry": "center"
      },
      "geometry": {
        "type": "Point",
        "coordinates": [
          -88.526348,
          13.4975965
        ]
      },
      "id": "way/745434052"
    },
    {
      "type": "Feature",
      "properties": {
        "@id": "way/745451810",
        "addr:city": "California",
        "amenity": "clinic",
        "building": "yes",
        "healthcare": "clinic",
        "name": "Unidad de Salud",
        "@geometry": "center"
      },
      "geometry": {
        "type": "Point",
        "coordinates": [
          -88.4627852,
          13.4404781
        ]
      },
      "id": "way/745451810"
    },
    {
      "type": "Feature",
      "properties": {
        "@id": "way/765705663",
        "amenity": "hospital",
        "healthcare": "clinic",
        "healthcare:speciality": "general",
        "name": "Unidad de Salud - La Palma",
        "@geometry": "center"
      },
      "geometry": {
        "type": "Point",
        "coordinates": [
          -89.1750084,
          14.3198204
        ]
      },
      "id": "way/765705663"
    },
    {
      "type": "Feature",
      "properties": {
        "@id": "way/766585972",
        "addr:city": "San Bartolo",
        "addr:street": "Calle Francisco Meléndez",
        "alt_name": "Hospital Nacional \"Enfermera Angélica Vidal de Najarro\"",
        "amenity": "hospital",
        "emergency": "yes",
        "healthcare": "hospital",
        "name": "Hospital Nacional de San Bartolo",
        "operator": "Ministerio de Salud",
        "operator:short": "MINSAL",
        "operator:wikidata": "Q50037290",
        "@geometry": "center"
      },
      "geometry": {
        "type": "Point",
        "coordinates": [
          -89.1060703,
          13.7043121
        ]
      },
      "id": "way/766585972"
    },
    {
      "type": "Feature",
      "properties": {
        "@id": "way/768458851",
        "addr:city": "San Emigdio",
        "addr:street": "Avenida 5 de Noviembre",
        "amenity": "clinic",
        "building": "yes",
        "healthcare": "clinic",
        "name": "Unidad de Salud de San Emigdio",
        "@geometry": "center"
      },
      "geometry": {
        "type": "Point",
        "coordinates": [
          -88.9763368,
          13.648716
        ]
      },
      "id": "way/768458851"
    },
    {
      "type": "Feature",
      "properties": {
        "@id": "way/776399927",
        "addr:city": "Panchimalco",
        "amenity": "hospital",
        "healthcare": "hospital",
        "name": "Unidad Comunitaria de Salud Familiar de Panchimalco",
        "@geometry": "center"
      },
      "geometry": {
        "type": "Point",
        "coordinates": [
          -89.1784867,
          13.6133535
        ]
      },
      "id": "way/776399927"
    },
    {
      "type": "Feature",
      "properties": {
        "@id": "way/778653403",
        "amenity": "clinic",
        "building": "yes",
        "healthcare": "clinic",
        "name": "Unidad de salud El Divisadero",
        "@geometry": "center"
      },
      "geometry": {
        "type": "Point",
        "coordinates": [
          -88.0528546,
          13.5996593
        ]
      },
      "id": "way/778653403"
    },
    {
      "type": "Feature",
      "properties": {
        "@id": "way/778659278",
        "amenity": "clinic",
        "building": "yes",
        "healthcare": "clinic",
        "name": "Unidad de salud San carlos",
        "@geometry": "center"
      },
      "geometry": {
        "type": "Point",
        "coordinates": [
          -88.1837056,
          13.4900055
        ]
      },
      "id": "way/778659278"
    },
    {
      "type": "Feature",
      "properties": {
        "@id": "way/778684198",
        "amenity": "clinic",
        "building": "yes",
        "healthcare": "clinic",
        "name": "Alivia",
        "@geometry": "center"
      },
      "geometry": {
        "type": "Point",
        "coordinates": [
          -88.1632944,
          13.4624942
        ]
      },
      "id": "way/778684198"
    },
    {
      "type": "Feature",
      "properties": {
        "@id": "way/778696590",
        "amenity": "clinic",
        "building": "yes",
        "healthcare": "clinic",
        "healthcare:speciality": "general;dentistry;gynaecology;community",
        "height": "3",
        "name": "Clinica Comunal de la Colonia Guadalupe",
        "operator:type": "government",
        "@geometry": "center"
      },
      "geometry": {
        "type": "Point",
        "coordinates": [
          -89.1418656,
          13.7029203
        ]
      },
      "id": "way/778696590"
    },
    {
      "type": "Feature",
      "properties": {
        "@id": "way/821669400",
        "amenity": "hospital",
        "healthcare": "hospital",
        "@geometry": "center"
      },
      "geometry": {
        "type": "Point",
        "coordinates": [
          -88.1536314,
          13.8056073
        ]
      },
      "id": "way/821669400"
    },
    {
      "type": "Feature",
      "properties": {
        "@id": "way/825175527",
        "alt_name": "Hospital La Ceiba; Seguro Social La Ceiba",
        "amenity": "hospital",
        "emergency": "no",
        "healthcare": "hospital",
        "name": "ISSS La Ceiba",
        "operator": "Instituto Salvadoreño del Seguro Social",
        "@geometry": "center"
      },
      "geometry": {
        "type": "Point",
        "coordinates": [
          -89.2399583,
          13.6826628
        ]
      },
      "id": "way/825175527"
    },
    {
      "type": "Feature",
      "properties": {
        "@id": "way/828523120",
        "amenity": "clinic",
        "building": "yes",
        "healthcare": "clinic",
        "@geometry": "center"
      },
      "geometry": {
        "type": "Point",
        "coordinates": [
          -88.1602276,
          13.6263058
        ]
      },
      "id": "way/828523120"
    },
    {
      "type": "Feature",
      "properties": {
        "@id": "way/831355714",
        "amenity": "clinic",
        "building": "yes",
        "healthcare": "clinic",
        "name": "UCSF CORINTO",
        "@geometry": "center"
      },
      "geometry": {
        "type": "Point",
        "coordinates": [
          -87.969881,
          13.8080211
        ]
      },
      "id": "way/831355714"
    },
    {
      "type": "Feature",
      "properties": {
        "@id": "way/831356928",
        "amenity": "clinic",
        "building": "yes",
        "healthcare": "clinic",
        "name": "UCSF EL ROSARIO",
        "@geometry": "center"
      },
      "geometry": {
        "type": "Point",
        "coordinates": [
          -88.2136543,
          13.8677082
        ]
      },
      "id": "way/831356928"
    },
    {
      "type": "Feature",
      "properties": {
        "@id": "way/832737997",
        "amenity": "clinic",
        "building": "yes",
        "healthcare": "clinic",
        "name": "Clinica Buena Vista",
        "@geometry": "center"
      },
      "geometry": {
        "type": "Point",
        "coordinates": [
          -89.4706822,
          13.7301581
        ]
      },
      "id": "way/832737997"
    },
    {
      "type": "Feature",
      "properties": {
        "@id": "way/850644412",
        "amenity": "clinic",
        "building": "yes",
        "healthcare": "clinic",
        "name": "UCSF",
        "operator": "MINSAL",
        "@geometry": "center"
      },
      "geometry": {
        "type": "Point",
        "coordinates": [
          -88.2320675,
          13.8595248
        ]
      },
      "id": "way/850644412"
    },
    {
      "type": "Feature",
      "properties": {
        "@id": "way/853578590",
        "amenity": "clinic",
        "building": "yes",
        "healthcare": "clinic",
        "name": "Dra. Guadalupe Reina",
        "note": "Atención Integral en Salud",
        "@geometry": "center"
      },
      "geometry": {
        "type": "Point",
        "coordinates": [
          -89.6760197,
          13.9823716
        ]
      },
      "id": "way/853578590"
    },
    {
      "type": "Feature",
      "properties": {
        "@id": "way/856982610",
        "amenity": "clinic",
        "building": "yes",
        "healthcare": "clinic",
        "name": "UCSF SAN CARLOS MO",
        "operator": "MINSAL",
        "operator:type": "government",
        "@geometry": "center"
      },
      "geometry": {
        "type": "Point",
        "coordinates": [
          -88.0920516,
          13.6475295
        ]
      },
      "id": "way/856982610"
    },
    {
      "type": "Feature",
      "properties": {
        "@id": "way/858334178",
        "amenity": "clinic",
        "building": "yes",
        "healthcare": "clinic",
        "operator": "MINSAL",
        "@geometry": "center"
      },
      "geometry": {
        "type": "Point",
        "coordinates": [
          -88.2117023,
          13.6598634
        ]
      },
      "id": "way/858334178"
    },
    {
      "type": "Feature",
      "properties": {
        "@id": "way/893053915",
        "amenity": "clinic",
        "building": "yes",
        "healthcare": "clinic",
        "name": "Unidad de Salud de El Congo",
        "@geometry": "center"
      },
      "geometry": {
        "type": "Point",
        "coordinates": [
          -89.4944385,
          13.9089658
        ]
      },
      "id": "way/893053915"
    },
    {
      "type": "Feature",
      "properties": {
        "@id": "way/956429581",
        "amenity": "clinic",
        "healthcare": "clinic",
        "name": "ISSS",
        "operator": "Instituto Salvadoreño del Seguro Social",
        "operator:type": "public",
        "@geometry": "center"
      },
      "geometry": {
        "type": "Point",
        "coordinates": [
          -89.1804624,
          13.8011858
        ]
      },
      "id": "way/956429581"
    },
    {
      "type": "Feature",
      "properties": {
        "@id": "way/961899128",
        "amenity": "hospital",
        "healthcare": "hospital",
        "name": "Hospital Centro Ginecológico",
        "@geometry": "center"
      },
      "geometry": {
        "type": "Point",
        "coordinates": [
          -89.2023037,
          13.7090714
        ]
      },
      "id": "way/961899128"
    },
    {
      "type": "Feature",
      "properties": {
        "@id": "way/977416019",
        "amenity": "clinic",
        "building": "yes",
        "healthcare": "clinic",
        "@geometry": "center"
      },
      "geometry": {
        "type": "Point",
        "coordinates": [
          -88.9722987,
          13.6904519
        ]
      },
      "id": "way/977416019"
    },
    {
      "type": "Feature",
      "properties": {
        "@id": "way/981455280",
        "addr:street": "Calle Sotero Laínez",
        "amenity": "hospital",
        "healthcare": "hospital",
        "healthcare:speciality": "general",
        "name": "Cruz Roja Tepecoyo",
        "operator": "Cruz Roja",
        "operator:type": "private_non_profit",
        "@geometry": "center"
      },
      "geometry": {
        "type": "Point",
        "coordinates": [
          -89.4612051,
          13.7029273
        ]
      },
      "id": "way/981455280"
    },
    {
      "type": "Feature",
      "properties": {
        "@id": "way/982108243",
        "amenity": "clinic",
        "building": "yes",
        "healthcare": "clinic",
        "name": "Clínica Venolaser",
        "@geometry": "center"
      },
      "geometry": {
        "type": "Point",
        "coordinates": [
          -89.2018048,
          13.7117159
        ]
      },
      "id": "way/982108243"
    },
    {
      "type": "Feature",
      "properties": {
        "@id": "way/983366115",
        "amenity": "hospital",
        "healthcare": "hospital",
        "@geometry": "center"
      },
      "geometry": {
        "type": "Point",
        "coordinates": [
          -89.1288456,
          13.6956294
        ]
      },
      "id": "way/983366115"
    },
    {
      "type": "Feature",
      "properties": {
        "@id": "way/984041568",
        "amenity": "hospital",
        "emergency": "yes",
        "healthcare": "hospital",
        "name": "Hospital Nacional General y de Psiquiatría Dr. José Molina Martínez",
        "operator": "Ministerio de Salud",
        "operator:short": "MINSAL",
        "operator:type": "public",
        "operator:wikidata": "Q50037290",
        "operator:wikipedia": "es:Ministerio de Salud (El Salvador)",
        "@geometry": "center"
      },
      "geometry": {
        "type": "Point",
        "coordinates": [
          -89.138315,
          13.7142761
        ]
      },
      "id": "way/984041568"
    },
    {
      "type": "Feature",
      "properties": {
        "@id": "way/1023488468",
        "addr:city": "Santa Ana",
        "amenity": "hospital",
        "healthcare": "hospital",
        "name": "Hospital CLIMESA",
        "@geometry": "center"
      },
      "geometry": {
        "type": "Point",
        "coordinates": [
          -89.5480313,
          13.9935521
        ]
      },
      "id": "way/1023488468"
    },
    {
      "type": "Feature",
      "properties": {
        "@id": "way/1025944388",
        "addr:street": "5 Calle Oriente",
        "amenity": "hospital",
        "healthcare": "hospital",
        "internet_access": "wlan",
        "name": "Hospital Cáder",
        "opening_hours": "24/7",
        "operator": "Hospital Cáder",
        "operator:type": "private",
        "phone": "+50324527400",
        "website": "https://www.hospitalcader.com",
        "@geometry": "center"
      },
      "geometry": {
        "type": "Point",
        "coordinates": [
          -89.5525464,
          13.9917545
        ]
      },
      "id": "way/1025944388"
    },
    {
      "type": "Feature",
      "properties": {
        "@id": "way/1026190373",
        "addr:city": "Santa Ana",
        "amenity": "clinic",
        "building": "yes",
        "building:levels": "2",
        "healthcare": "clinic",
        "historic": "building",
        "name": "Centro de Diagnóstico",
        "@geometry": "center"
      },
      "geometry": {
        "type": "Point",
        "coordinates": [
          -89.5580327,
          13.9888287
        ]
      },
      "id": "way/1026190373"
    },
    {
      "type": "Feature",
      "properties": {
        "@id": "way/1028516498",
        "addr:city": "Santa Ana",
        "addr:housenumber": "48",
        "addr:street": "3 Calle Oriente",
        "amenity": "clinic",
        "healthcare": "clinic",
        "name": "Consultorio Médico Popular",
        "@geometry": "center"
      },
      "geometry": {
        "type": "Point",
        "coordinates": [
          -89.5525971,
          13.9919365
        ]
      },
      "id": "way/1028516498"
    },
    {
      "type": "Feature",
      "properties": {
        "@id": "way/1082985138",
        "amenity": "clinic",
        "building": "yes",
        "healthcare": "clinic",
        "healthcare:speciality": "community",
        "name": "Unidad de Salud de Izalco",
        "@geometry": "center"
      },
      "geometry": {
        "type": "Point",
        "coordinates": [
          -89.6685341,
          13.7488448
        ]
      },
      "id": "way/1082985138"
    },
    {
      "type": "Feature",
      "properties": {
        "@id": "way/1085172433",
        "amenity": "clinic",
        "building": "house",
        "healthcare": "clinic",
        "name": "Unidad de Salud de Caluco",
        "operator": "Ministerio de Salud",
        "operator:short": "MINSAL",
        "operator:type": "government",
        "operator:wikidata": "Q50037290",
        "@geometry": "center"
      },
      "geometry": {
        "type": "Point",
        "coordinates": [
          -89.6624754,
          13.7282531
        ]
      },
      "id": "way/1085172433"
    },
    {
      "type": "Feature",
      "properties": {
        "@id": "way/1087325459",
        "amenity": "clinic",
        "building": "yes",
        "healthcare": "clinic",
        "name": "UNIDAD DE SALUD LA LAGUNA",
        "@geometry": "center"
      },
      "geometry": {
        "type": "Point",
        "coordinates": [
          -88.9435842,
          14.1648266
        ]
      },
      "id": "way/1087325459"
    },
    {
      "type": "Feature",
      "properties": {
        "@id": "way/1087599652",
        "addr:city": "Distrito Municipal 4",
        "addr:street": "Alameda Presidente Doctor Manuel Enrique Araujo",
        "amenity": "hospital",
        "healthcare": "hospital",
        "name": "Megacentro de Vacunacion",
        "operator": "Ministerio de Salud",
        "operator:short": "MINSAL",
        "operator:wikidata": "Q50037290",
        "wheelchair": "yes",
        "@geometry": "center"
      },
      "geometry": {
        "type": "Point",
        "coordinates": [
          -89.2382252,
          13.6860808
        ]
      },
      "id": "way/1087599652"
    },
    {
      "type": "Feature",
      "properties": {
        "@id": "way/1088723341",
        "amenity": "hospital",
        "emergency": "yes",
        "healthcare": "hospital",
        "healthcare:speciality": "general;dentistry;paediatrics;vaccination",
        "name": "Unidad de Salud Familiar de Ilopango",
        "@geometry": "center"
      },
      "geometry": {
        "type": "Point",
        "coordinates": [
          -89.1049994,
          13.7053087
        ]
      },
      "id": "way/1088723341"
    },
    {
      "type": "Feature",
      "properties": {
        "@id": "way/1105088827",
        "amenity": "hospital",
        "healthcare": "hospital",
        "@geometry": "center"
      },
      "geometry": {
        "type": "Point",
        "coordinates": [
          -89.2521103,
          13.6755485
        ]
      },
      "id": "way/1105088827"
    },
    {
      "type": "Feature",
      "properties": {
        "@id": "way/1106491198",
        "amenity": "clinic",
        "building": "yes",
        "healthcare": "clinic",
        "name": "unidad de salud San Lorenzo",
        "@geometry": "center"
      },
      "geometry": {
        "type": "Point",
        "coordinates": [
          -88.8068551,
          13.7000253
        ]
      },
      "id": "way/1106491198"
    },
    {
      "type": "Feature",
      "properties": {
        "@id": "way/1107820439",
        "addr:city": "Soyapango",
        "addr:street": "Calle La Fuente",
        "amenity": "hospital",
        "healthcare": "hospital",
        "layer": "1",
        "name": "Unidad de Salud de Soyapango",
        "operator": "Ministerio de Salud",
        "operator:short": "MINSAL",
        "operator:type": "government",
        "operator:wikidata": "Q50037290",
        "@geometry": "center"
      },
      "geometry": {
        "type": "Point",
        "coordinates": [
          -89.1405075,
          13.714251
        ]
      },
      "id": "way/1107820439"
    },
    {
      "type": "Feature",
      "properties": {
        "@id": "way/1110611770",
        "amenity": "clinic",
        "building": "yes",
        "healthcare": "clinic",
        "name": "Policlínico ISBM Mejicanos",
        "@geometry": "center"
      },
      "geometry": {
        "type": "Point",
        "coordinates": [
          -89.1914831,
          13.7212711
        ]
      },
      "id": "way/1110611770"
    },
    {
      "type": "Feature",
      "properties": {
        "@id": "way/1110612225",
        "amenity": "clinic",
        "building": "yes",
        "healthcare": "clinic",
        "healthcare:speciality": "general",
        "name": "Clínica Comunal ISSS Virgen del Tránsito",
        "operator": "Ministerio de Salud",
        "operator:type": "government",
        "@geometry": "center"
      },
      "geometry": {
        "type": "Point",
        "coordinates": [
          -89.190771,
          13.7220506
        ]
      },
      "id": "way/1110612225"
    },
    {
      "type": "Feature",
      "properties": {
        "@id": "way/1110828563",
        "amenity": "clinic",
        "building": "yes",
        "healthcare": "clinic",
        "name": "FUNDESO",
        "operator": "Fundación de Desarrollo Social",
        "operator:type": "private_non_profit",
        "@geometry": "center"
      },
      "geometry": {
        "type": "Point",
        "coordinates": [
          -89.2709462,
          13.8300487
        ]
      },
      "id": "way/1110828563"
    },
    {
      "type": "Feature",
      "properties": {
        "@id": "way/1112418085",
        "amenity": "clinic",
        "building": "yes",
        "healthcare": "clinic",
        "healthcare:speciality": "general",
        "name": "Clinica Comunal ISSS - Ciudad Delgado",
        "operator": "Instituto Salvadoreño del Seguro Social",
        "@geometry": "center"
      },
      "geometry": {
        "type": "Point",
        "coordinates": [
          -89.1683191,
          13.7216418
        ]
      },
      "id": "way/1112418085"
    },
    {
      "type": "Feature",
      "properties": {
        "@id": "way/1118127168",
        "addr:city": "Sonzacate",
        "addr:street": "Boulevard Las Palmeras",
        "amenity": "hospital",
        "healthcare": "hospital",
        "healthcare:speciality": "general",
        "name": "Hospital Siliezar",
        "@geometry": "center"
      },
      "geometry": {
        "type": "Point",
        "coordinates": [
          -89.7165449,
          13.7276644
        ]
      },
      "id": "way/1118127168"
    },
    {
      "type": "Feature",
      "properties": {
        "@id": "way/1118766666",
        "addr:city": "Sonsonate",
        "addr:street": "10ª Avenida Sur",
        "amenity": "hospital",
        "healthcare": "hospital",
        "name": "Unidad de Salud Sonsonate",
        "operator": "Ministerio de Salud",
        "operator:short": "MINSAL",
        "operator:type": "government",
        "operator:wikidata": "Q50037290",
        "@geometry": "center"
      },
      "geometry": {
        "type": "Point",
        "coordinates": [
          -89.7252675,
          13.7161873
        ]
      },
      "id": "way/1118766666"
    },
    {
      "type": "Feature",
      "properties": {
        "@id": "way/1119917853",
        "amenity": "clinic",
        "building": "yes",
        "healthcare": "clinic",
        "healthcare:speciality": "psychiatry;paediatrics;ophthalmology;community;endocrinology",
        "name": "Clínicas Médicas AGAPE",
        "@geometry": "center"
      },
      "geometry": {
        "type": "Point",
        "coordinates": [
          -89.7099113,
          13.7342569
        ]
      },
      "id": "way/1119917853"
    },
    {
      "type": "Feature",
      "properties": {
        "@id": "way/1120708810",
        "amenity": "clinic",
        "building": "yes",
        "healthcare": "clinic",
        "healthcare:speciality": "community",
        "name": "Unidad de Salud de Sonzacate FOSALUD",
        "@geometry": "center"
      },
      "geometry": {
        "type": "Point",
        "coordinates": [
          -89.7094014,
          13.7369981
        ]
      },
      "id": "way/1120708810"
    },
    {
      "type": "Feature",
      "properties": {
        "@id": "way/1121128779",
        "addr:city": "cantón Higueras",
        "addr:postcode": "03112",
        "amenity": "clinic",
        "building": "yes",
        "healthcare": "clinic",
        "healthcare:speciality": "general",
        "name": "Unidad De Salud De Cantón Higueras",
        "@geometry": "center"
      },
      "geometry": {
        "type": "Point",
        "coordinates": [
          -87.9220538,
          13.7822073
        ]
      },
      "id": "way/1121128779"
    },
    {
      "type": "Feature",
      "properties": {
        "@id": "way/1125737557",
        "alt_name": "Unidad de Salud de Mejicanos",
        "amenity": "clinic",
        "building": "yes",
        "healthcare": "clinic",
        "healthcare:speciality": "general",
        "name": "Unidad Comunitaria de Salud Familiar \"Dr. Hugo Morán Quijada\"",
        "opening_hours": "24/7",
        "operator": "FOSALUD",
        "operator:type": "public/government",
        "@geometry": "center"
      },
      "geometry": {
        "type": "Point",
        "coordinates": [
          -89.1895461,
          13.7284564
        ]
      },
      "id": "way/1125737557"
    },
    {
      "type": "Feature",
      "properties": {
        "@id": "way/1125737558",
        "amenity": "clinic",
        "building": "yes",
        "healthcare": "clinic",
        "healthcare:speciality": "general",
        "name": "Clinica Comunal ISSS Mejicanos",
        "operator": "Ministerio de Salud",
        "operator:type": "government",
        "@geometry": "center"
      },
      "geometry": {
        "type": "Point",
        "coordinates": [
          -89.1899433,
          13.7281955
        ]
      },
      "id": "way/1125737558"
    },
    {
      "type": "Feature",
      "properties": {
        "@id": "way/1127662976",
        "amenity": "hospital",
        "healthcare": "hospital",
        "healthcare:speciality": "emergency",
        "name": "Hospital Centro de Cirugía de Sonsonate",
        "@geometry": "center"
      },
      "geometry": {
        "type": "Point",
        "coordinates": [
          -89.7152535,
          13.7298691
        ]
      },
      "id": "way/1127662976"
    },
    {
      "type": "Feature",
      "properties": {
        "@id": "way/1134703344",
        "addr:city": "Sonsonate",
        "addr:street": "3 Calle Poniente",
        "amenity": "clinic",
        "building": "yes",
        "healthcare": "clinic",
        "healthcare:speciality": "endocrinology",
        "name": "Obesity Center",
        "operator": "Hospital Ave Maria",
        "operator:type": "private",
        "@geometry": "center"
      },
      "geometry": {
        "type": "Point",
        "coordinates": [
          -89.7294105,
          13.7235819
        ]
      },
      "id": "way/1134703344"
    },
    {
      "type": "Feature",
      "properties": {
        "@id": "way/1138279541",
        "amenity": "clinic",
        "building": "yes",
        "healthcare": "clinic",
        "name": "unidad de salud calavera",
        "opening_hours": "Mo-Fr 08:00-17:00",
        "operator": "ministerio de salud",
        "operator:type": "government",
        "@geometry": "center"
      },
      "geometry": {
        "type": "Point",
        "coordinates": [
          -88.0124937,
          13.8160306
        ]
      },
      "id": "way/1138279541"
    },
    {
      "type": "Feature",
      "properties": {
        "@id": "way/1144437415",
        "addr:street": "Carretera Panamericana",
        "amenity": "hospital",
        "building": "yes",
        "currency:XBT": "yes",
        "healthcare": "hospital",
        "healthcare:speciality": "pets",
        "name": "Chivo Pets",
        "opening_hours": "Mo-Su 07:00-00:00",
        "operator": "Gobierno de El Salvador",
        "payment:lightning": "yes",
        "survey:date": "2024-12-02",
        "website": "https://chivopets.sv/",
        "@geometry": "center"
      },
      "geometry": {
        "type": "Point",
        "coordinates": [
          -89.2520737,
          13.6753598
        ]
      },
      "id": "way/1144437415"
    },
    {
      "type": "Feature",
      "properties": {
        "@id": "way/1146425813",
        "amenity": "clinic",
        "building": "yes",
        "healthcare": "clinic",
        "name": "Unidad de Salud de Perquín",
        "@geometry": "center"
      },
      "geometry": {
        "type": "Point",
        "coordinates": [
          -88.157955,
          13.958889
        ]
      },
      "id": "way/1146425813"
    },
    {
      "type": "Feature",
      "properties": {
        "@id": "way/1151260239",
        "amenity": "hospital",
        "healthcare": "hospital",
        "name": "Hospital Amatepec ISSS",
        "@geometry": "center"
      },
      "geometry": {
        "type": "Point",
        "coordinates": [
          -89.1634928,
          13.7001696
        ]
      },
      "id": "way/1151260239"
    },
    {
      "type": "Feature",
      "properties": {
        "@id": "way/1152814592",
        "addr:city": "Sonsonate",
        "amenity": "hospital",
        "building": "yes",
        "healthcare": "hospital",
        "name": "Hospital Centro Médico de Sonsonate",
        "@geometry": "center"
      },
      "geometry": {
        "type": "Point",
        "coordinates": [
          -89.7291314,
          13.7238373
        ]
      },
      "id": "way/1152814592"
    },
    {
      "type": "Feature",
      "properties": {
        "@id": "way/1154155567",
        "amenity": "hospital",
        "healthcare": "hospital",
        "@geometry": "center"
      },
      "geometry": {
        "type": "Point",
        "coordinates": [
          -89.2058554,
          13.7282705
        ]
      },
      "id": "way/1154155567"
    },
    {
      "type": "Feature",
      "properties": {
        "@id": "way/1154155569",
        "amenity": "doctors",
        "building": "yes",
        "healthcare": "doctor",
        "healthcare:speciality": "radiology",
        "name": "Centro Nacional de Radioterapia",
        "@geometry": "center"
      },
      "geometry": {
        "type": "Point",
        "coordinates": [
          -89.2058627,
          13.7281984
        ]
      },
      "id": "way/1154155569"
    },
    {
      "type": "Feature",
      "properties": {
        "@id": "way/1154156921",
        "amenity": "clinic",
        "building": "yes",
        "emergency": "yes",
        "healthcare": "clinic",
        "name": "Unidad de Salud Zacamil",
        "source": "KG Ground Survey 2016",
        "@geometry": "center"
      },
      "geometry": {
        "type": "Point",
        "coordinates": [
          -89.2047956,
          13.7323047
        ]
      },
      "id": "way/1154156921"
    },
    {
      "type": "Feature",
      "properties": {
        "@id": "way/1181426513",
        "amenity": "clinic",
        "building": "yes",
        "healthcare": "clinic",
        "name": "Policlinico ISBM",
        "@geometry": "center"
      },
      "geometry": {
        "type": "Point",
        "coordinates": [
          -88.2014185,
          13.4839818
        ]
      },
      "id": "way/1181426513"
    },
    {
      "type": "Feature",
      "properties": {
        "@id": "way/1193595382",
        "addr:city": "Sonsonate",
        "addr:street": "25a Calle Oriente",
        "amenity": "clinic",
        "building": "yes",
        "building:levels": "1",
        "healthcare": "clinic",
        "height": "5",
        "name": "Policlínico Bienestar Magisterial",
        "@geometry": "center"
      },
      "geometry": {
        "type": "Point",
        "coordinates": [
          -89.721767,
          13.7291135
        ]
      },
      "id": "way/1193595382"
    },
    {
      "type": "Feature",
      "properties": {
        "@id": "way/1200045596",
        "amenity": "clinic",
        "building": "yes",
        "healthcare": "clinic",
        "name": "clinica asistencial Chanmico",
        "@geometry": "center"
      },
      "geometry": {
        "type": "Point",
        "coordinates": [
          -89.3570041,
          13.7842583
        ]
      },
      "id": "way/1200045596"
    },
    {
      "type": "Feature",
      "properties": {
        "@id": "way/1204325674",
        "amenity": "clinic",
        "building": "yes",
        "healthcare": "clinic",
        "name": "Unidad Medica ISSS Ateos",
        "@geometry": "center"
      },
      "geometry": {
        "type": "Point",
        "coordinates": [
          -89.4248432,
          13.7408813
        ]
      },
      "id": "way/1204325674"
    },
    {
      "type": "Feature",
      "properties": {
        "@id": "way/1210776194",
        "amenity": "clinic",
        "building": "yes",
        "healthcare": "clinic",
        "healthcare:speciality": "general",
        "name": "Policlínico Si Salud",
        "@geometry": "center"
      },
      "geometry": {
        "type": "Point",
        "coordinates": [
          -89.7273988,
          13.7232554
        ]
      },
      "id": "way/1210776194"
    },
    {
      "type": "Feature",
      "properties": {
        "@id": "way/1215703654",
        "addr:city": "San Juan Opico",
        "addr:street": "Carretera a Tacachico",
        "amenity": "clinic",
        "building": "yes",
        "healthcare": "clinic",
        "name": "Unidad de salud de San Juan Opico",
        "@geometry": "center"
      },
      "geometry": {
        "type": "Point",
        "coordinates": [
          -89.3517954,
          13.8745717
        ]
      },
      "id": "way/1215703654"
    },
    {
      "type": "Feature",
      "properties": {
        "@id": "way/1215703670",
        "addr:city": "San Juan Opico",
        "addr:street": "Calle Paniagua",
        "amenity": "clinic",
        "building": "yes",
        "healthcare": "clinic",
        "name": "Centro Médico Biogénesis",
        "@geometry": "center"
      },
      "geometry": {
        "type": "Point",
        "coordinates": [
          -89.3594091,
          13.8767821
        ]
      },
      "id": "way/1215703670"
    },
    {
      "type": "Feature",
      "properties": {
        "@id": "way/1218683644",
        "addr:city": "ciudad versalles, san Juan Opico",
        "addr:street": "Boulevard Campos Eliseos",
        "amenity": "clinic",
        "building": "yes",
        "healthcare": "clinic",
        "name": "Laboratorio Clinico Versalles",
        "@geometry": "center"
      },
      "geometry": {
        "type": "Point",
        "coordinates": [
          -89.3589189,
          13.7922067
        ]
      },
      "id": "way/1218683644"
    },
    {
      "type": "Feature",
      "properties": {
        "@id": "way/1220131815",
        "amenity": "hospital",
        "healthcare": "hospital",
        "name": "Ecos Familiares",
        "opening_hours": "Mo-Sa 07:00-22:00",
        "@geometry": "center"
      },
      "geometry": {
        "type": "Point",
        "coordinates": [
          -89.7673705,
          13.9579782
        ]
      },
      "id": "way/1220131815"
    },
    {
      "type": "Feature",
      "properties": {
        "@id": "way/1220131816",
        "amenity": "hospital",
        "healthcare": "hospital",
        "name": "UCsfB El Paraíso. Turin",
        "@geometry": "center"
      },
      "geometry": {
        "type": "Point",
        "coordinates": [
          -89.7672691,
          13.9579931
        ]
      },
      "id": "way/1220131816"
    },
    {
      "type": "Feature",
      "properties": {
        "@id": "way/1220540309",
        "addr:city": "Turín",
        "amenity": "hospital",
        "healthcare": "hospital",
        "healthcare:speciality": "vaccination",
        "name": "Vacunación COVID-19 - Unidad de Salud Turin",
        "phone": "25917000",
        "website": "https://www.salud.gob.sv/ministerio-de-salud-habilita-23-centros-moviles-de-vacunacion-contra-covid-19-en-diferentes-puntos-del-pais/",
        "@geometry": "center"
      },
      "geometry": {
        "type": "Point",
        "coordinates": [
          -89.7684663,
          13.9658691
        ]
      },
      "id": "way/1220540309"
    },
    {
      "type": "Feature",
      "properties": {
        "@id": "way/1221440066",
        "amenity": "hospital",
        "healthcare": "hospital",
        "name": "Hospital Guadalupano",
        "operator": "Ministerio de Salud",
        "operator:short": "MINSAL",
        "operator:type": "government",
        "operator:wikidata": "Q50037290",
        "wheelchair": "yes",
        "@geometry": "center"
      },
      "geometry": {
        "type": "Point",
        "coordinates": [
          -88.9362549,
          13.7234742
        ]
      },
      "id": "way/1221440066"
    },
    {
      "type": "Feature",
      "properties": {
        "@id": "way/1221929080",
        "amenity": "clinic",
        "building": "yes",
        "building:levels": "1",
        "healthcare": "clinic",
        "@geometry": "center"
      },
      "geometry": {
        "type": "Point",
        "coordinates": [
          -87.9604695,
          13.4290002
        ]
      },
      "id": "way/1221929080"
    },
    {
      "type": "Feature",
      "properties": {
        "@id": "way/1222614954",
        "amenity": "clinic",
        "building": "yes",
        "healthcare": "clinic",
        "layer": "-1",
        "name": "Medicentro La Esperanza",
        "@geometry": "center"
      },
      "geometry": {
        "type": "Point",
        "coordinates": [
          -89.2042524,
          13.712455
        ]
      },
      "id": "way/1222614954"
    },
    {
      "type": "Feature",
      "properties": {
        "@id": "way/1225350289",
        "addr:city": "Sonsonate",
        "addr:street": "5a Avenida Norte",
        "amenity": "clinic",
        "building": "hospital",
        "building:levels": "4",
        "healthcare": "clinic",
        "height": "12",
        "name": "Veronessi Centro Médico Especializado",
        "@geometry": "center"
      },
      "geometry": {
        "type": "Point",
        "coordinates": [
          -89.7304194,
          13.722313
        ]
      },
      "id": "way/1225350289"
    },
    {
      "type": "Feature",
      "properties": {
        "@id": "way/1227920124",
        "amenity": "hospital",
        "emergency": "yes",
        "healthcare": "hospital",
        "healthcare:speciality": "general;emergency;paediatrics;intensive;community",
        "name": "Unidad de Salud Isla Tasajera",
        "operator": "Ministerio de Salud",
        "operator:short": "MINSAL",
        "operator:type": "government",
        "operator:wikidata": "Q50037290",
        "wheelchair": "yes",
        "@geometry": "center"
      },
      "geometry": {
        "type": "Point",
        "coordinates": [
          -88.8678323,
          13.2825285
        ]
      },
      "id": "way/1227920124"
    },
    {
      "type": "Feature",
      "properties": {
        "@id": "way/1227920125",
        "amenity": "clinic",
        "building": "yes",
        "healthcare": "clinic",
        "opening_hours": "24/7",
        "@geometry": "center"
      },
      "geometry": {
        "type": "Point",
        "coordinates": [
          -88.8677331,
          13.2824655
        ]
      },
      "id": "way/1227920125"
    },
    {
      "type": "Feature",
      "properties": {
        "@id": "way/1228722099",
        "amenity": "clinic",
        "building": "yes",
        "healthcare": "clinic",
        "healthcare:speciality": "community",
        "name": "Clínica Municipal",
        "operator": "Alcaldia Municipal de Sonsonate",
        "operator:type": "public/government",
        "@geometry": "center"
      },
      "geometry": {
        "type": "Point",
        "coordinates": [
          -89.7255608,
          13.7237129
        ]
      },
      "id": "way/1228722099"
    },
    {
      "type": "Feature",
      "properties": {
        "@id": "way/1282194342",
        "amenity": "clinic",
        "building": "yes",
        "healthcare": "clinic",
        "name": "Clínica Comunal de Antiguo Cuscatlán",
        "name:en": "Antiguo Cuscatlán Community Clinic",
        "source": "KG Ground Survey 2016",
        "@geometry": "center"
      },
      "geometry": {
        "type": "Point",
        "coordinates": [
          -89.2421044,
          13.6735234
        ]
      },
      "id": "way/1282194342"
    },
    {
      "type": "Feature",
      "properties": {
        "@id": "way/1286180155",
        "addr:street": "Carretera a los Planes de Renderos",
        "alt_name": "Hospital Saldaña;Hospital Neumologico ISSS",
        "amenity": "hospital",
        "emergency": "yes",
        "healthcare": "hospital",
        "healthcare:speciality": "otolaryngology;pulmonology",
        "name": "Hospital Nacional Dr. José Antonio Saldaña",
        "operator": "Gobierno de El Salvador",
        "operator:type": "government",
        "@geometry": "center"
      },
      "geometry": {
        "type": "Point",
        "coordinates": [
          -89.1945984,
          13.6472109
        ]
      },
      "id": "way/1286180155"
    },
    {
      "type": "Feature",
      "properties": {
        "@id": "way/1299889851",
        "amenity": "clinic",
        "healthcare": "clinic",
        "name": "Clínica Asistencial Orden de Malta San Vicente de Paúl",
        "operator": "Orden de Malta El Salvador",
        "@geometry": "center"
      },
      "geometry": {
        "type": "Point",
        "coordinates": [
          -89.7170737,
          13.7149261
        ]
      },
      "id": "way/1299889851"
    },
    {
      "type": "Feature",
      "properties": {
        "@id": "way/1301565740",
        "amenity": "clinic",
        "building": "yes",
        "healthcare": "clinic",
        "healthcare:speciality": "general",
        "name": "Clínica de la Mujer Dr. José Mauricio González",
        "@geometry": "center"
      },
      "geometry": {
        "type": "Point",
        "coordinates": [
          -89.7155263,
          13.7371156
        ]
      },
      "id": "way/1301565740"
    },
    {
      "type": "Feature",
      "properties": {
        "@id": "way/1303391474",
        "amenity": "clinic",
        "building": "yes",
        "healthcare": "clinic",
        "name": "Centro de Salud Nejapa",
        "operator": "Ministerio de Salud",
        "operator:short": "MINSAL",
        "operator:type": "government",
        "operator:wikidata": "Q50037290",
        "@geometry": "center"
      },
      "geometry": {
        "type": "Point",
        "coordinates": [
          -89.233614,
          13.8114732
        ]
      },
      "id": "way/1303391474"
    },
    {
      "type": "Feature",
      "properties": {
        "@id": "way/1317800415",
        "amenity": "clinic",
        "building": "yes",
        "healthcare": "clinic",
        "layer": "-1",
        "name": "Unidad de Salud de Teotepeque",
        "@geometry": "center"
      },
      "geometry": {
        "type": "Point",
        "coordinates": [
          -89.5184106,
          13.5915779
        ]
      },
      "id": "way/1317800415"
    },
    {
      "type": "Feature",
      "properties": {
        "@id": "way/1319139717",
        "addr:city": "San Martín",
        "addr:street": "Carretera Panamericana",
        "amenity": "clinic",
        "healthcare": "clinic",
        "healthcare:speciality": "general",
        "name": "Centro de Atención de Emergencias - San Martín",
        "operator": "Ministerio de Salud",
        "operator:short": "MINSAL",
        "operator:type": "government",
        "operator:wikidata": "Q50037290",
        "short_name": "CAE",
        "@geometry": "center"
      },
      "geometry": {
        "type": "Point",
        "coordinates": [
          -89.0587708,
          13.7337779
        ]
      },
      "id": "way/1319139717"
    },
    {
      "type": "Feature",
      "properties": {
        "@id": "way/1319754228",
        "addr:city": "Sonsonate",
        "addr:street": "1 Calle Poniente",
        "amenity": "clinic",
        "building": "yes",
        "healthcare": "clinic",
        "healthcare:speciality": "general;radiology;paediatrics",
        "name": "Policlínica Familiar",
        "@geometry": "center"
      },
      "geometry": {
        "type": "Point",
        "coordinates": [
          -89.7291224,
          13.7220422
        ]
      },
      "id": "way/1319754228"
    },
    {
      "type": "Feature",
      "properties": {
        "@id": "way/1320205287",
        "amenity": "clinic",
        "building": "yes",
        "healthcare": "clinic",
        "name": "Clinica ECAS",
        "@geometry": "center"
      },
      "geometry": {
        "type": "Point",
        "coordinates": [
          -89.3488497,
          13.8839901
        ]
      },
      "id": "way/1320205287"
    },
    {
      "type": "Feature",
      "properties": {
        "@id": "way/1323053698",
        "amenity": "clinic",
        "building": "yes",
        "healthcare": "clinic",
        "name": "CIRMED",
        "@geometry": "center"
      },
      "geometry": {
        "type": "Point",
        "coordinates": [
          -89.7274679,
          13.7233884
        ]
      },
      "id": "way/1323053698"
    },
    {
      "type": "Feature",
      "properties": {
        "@id": "way/1323053699",
        "amenity": "doctors",
        "building": "yes",
        "healthcare": "doctor",
        "healthcare:speciality": "radiology",
        "name": "DIAGNOSIS Imágenes",
        "@geometry": "center"
      },
      "geometry": {
        "type": "Point",
        "coordinates": [
          -89.7273132,
          13.72342
        ]
      },
      "id": "way/1323053699"
    },
    {
      "type": "Feature",
      "properties": {
        "@id": "way/1323054254",
        "amenity": "clinic",
        "building": "yes",
        "healthcare": "clinic",
        "name": "Centro Médico de Emergencia",
        "@geometry": "center"
      },
      "geometry": {
        "type": "Point",
        "coordinates": [
          -89.7133668,
          13.7306446
        ]
      },
      "id": "way/1323054254"
    },
    {
      "type": "Feature",
      "properties": {
        "@id": "way/1382600135",
        "addr:city": "Usulután",
        "amenity": "clinic",
        "building": "yes",
        "healthcare": "clinic",
        "healthcare:speciality": "nephrology",
        "name": "Unidad Renal Santa Fe",
        "@geometry": "center"
      },
      "geometry": {
        "type": "Point",
        "coordinates": [
          -88.4410235,
          13.3404255
        ]
      },
      "id": "way/1382600135"
    },
    {
      "type": "Feature",
      "properties": {
        "@id": "way/1382605118",
        "addr:city": "Ilobasco",
        "addr:housenumber": "No 6",
        "addr:postcode": "1204",
        "addr:street": "Calle Dr. Bernado Perdomo",
        "amenity": "hospital",
        "healthcare": "hospital",
        "name": "Farmacia la ceibita",
        "@geometry": "center"
      },
      "geometry": {
        "type": "Point",
        "coordinates": [
          -88.8523602,
          13.8418438
        ]
      },
      "id": "way/1382605118"
    },
    {
      "type": "Feature",
      "properties": {
        "@id": "way/1382666149",
        "addr:postcode": "03409",
        "addr:street": "1ª Avenida Sur",
        "amenity": "hospital",
        "healthcare": "hospital",
        "healthcare:speciality": "anaesthetics",
        "name": "Hospital Nacional",
        "operator": "Ministerio de Salud",
        "operator:short": "MINSAL",
        "operator:type": "government",
        "operator:wikidata": "Q50037290",
        "@geometry": "center"
      },
      "geometry": {
        "type": "Point",
        "coordinates": [
          -88.571923,
          13.3189874
        ]
      },
      "id": "way/1382666149"
    },
    {
      "type": "Feature",
      "properties": {
        "@id": "way/1382672260",
        "amenity": "hospital",
        "building:levels": "3",
        "healthcare": "hospital",
        "healthcare:speciality": "emergency",
        "height": "25Mts",
        "name": "Hospital Climosal",
        "@geometry": "center"
      },
      "geometry": {
        "type": "Point",
        "coordinates": [
          -89.2923552,
          13.6714321
        ]
      },
      "id": "way/1382672260"
    },
    {
      "type": "Feature",
      "properties": {
        "@id": "way/1382678030",
        "addr:city": "Jiquilisco",
        "addr:street": "Avenida J. Pineda Norte",
        "amenity": "clinic",
        "building": "yes",
        "healthcare": "clinic",
        "@geometry": "center"
      },
      "geometry": {
        "type": "Point",
        "coordinates": [
          -88.5702565,
          13.3269805
        ]
      },
      "id": "way/1382678030"
    },
    {
      "type": "Feature",
      "properties": {
        "@id": "way/1421259426",
        "addr:city": "Sonsonate",
        "addr:street": "Pasaje 3",
        "amenity": "clinic",
        "building": "yes",
        "healthcare": "clinic",
        "name": "SIBASI",
        "operator": "Ministerio de Salud",
        "operator:short": "MINSAL",
        "operator:type": "government",
        "operator:wikidata": "Q50037290",
        "phone": "2451-7945",
        "@geometry": "center"
      },
      "geometry": {
        "type": "Point",
        "coordinates": [
          -89.7273769,
          13.7135531
        ]
      },
      "id": "way/1421259426"
    },
    {
      "type": "Feature",
      "properties": {
        "@id": "way/1444528635",
        "amenity": "clinic",
        "building": "yes",
        "healthcare": "clinic",
        "healthcare:speciality": "general",
        "name": "Unidad de Salud de San Antonio Silva",
        "operator": "Ministerio de Salud",
        "operator:type": "public",
        "@geometry": "center"
      },
      "geometry": {
        "type": "Point",
        "coordinates": [
          -88.0337689,
          13.3925583
        ]
      },
      "id": "way/1444528635"
    },
    {
      "type": "Feature",
      "properties": {
        "@id": "way/1463787675",
        "amenity": "hospital",
        "healthcare": "hospital",
        "name": "Unidad de Salud Altavista",
        "@geometry": "center"
      },
      "geometry": {
        "type": "Point",
        "coordinates": [
          -89.1001475,
          13.7247223
        ]
      },
      "id": "way/1463787675"
    },
    {
      "type": "Feature",
      "properties": {
        "@id": "way/1468026498",
        "addr:city": "Verapaz",
        "addr:street": "6ª Avenida Sur",
        "amenity": "hospital",
        "healthcare": "hospital",
        "name": "Unidad de Salud de Verapaz",
        "operator": "Ministerio de Salud de El Salvador",
        "operator:type": "government",
        "@geometry": "center"
      },
      "geometry": {
        "type": "Point",
        "coordinates": [
          -88.868891,
          13.6431609
        ]
      },
      "id": "way/1468026498"
    },
    {
      "type": "Feature",
      "properties": {
        "@id": "way/1472351199",
        "amenity": "clinic",
        "building": "yes",
        "healthcare": "clinic",
        "@geometry": "center"
      },
      "geometry": {
        "type": "Point",
        "coordinates": [
          -89.7135448,
          13.7433003
        ]
      },
      "id": "way/1472351199"
    },
    {
      "type": "Feature",
      "properties": {
        "@id": "way/1508430383",
        "amenity": "clinic",
        "building": "yes",
        "healthcare": "clinic",
        "height": "3",
        "@geometry": "center"
      },
      "geometry": {
        "type": "Point",
        "coordinates": [
          -89.1418855,
          13.703089
        ]
      },
      "id": "way/1508430383"
    },
    {
      "type": "Feature",
      "properties": {
        "@id": "way/1509660640",
        "amenity": "clinic",
        "building": "yes",
        "building:levels": "2",
        "healthcare": "clinic",
        "height": "3.5",
        "name": "Clínica Médica y Dental Guadalupana",
        "roof:shape": "flat",
        "@geometry": "center"
      },
      "geometry": {
        "type": "Point",
        "coordinates": [
          -89.1491592,
          13.7033156
        ]
      },
      "id": "way/1509660640"
    },
    {
      "type": "Feature",
      "properties": {
        "@id": "way/1510169197",
        "amenity": "clinic",
        "building": "yes",
        "healthcare": "clinic",
        "height": "2.5",
        "name": "Clinica Medica Cristo Rey",
        "@geometry": "center"
      },
      "geometry": {
        "type": "Point",
        "coordinates": [
          -89.1413771,
          13.7141746
        ]
      },
      "id": "way/1510169197"
    },
    {
      "type": "Feature",
      "properties": {
        "@id": "way/1510169200",
        "amenity": "clinic",
        "building": "yes",
        "building:levels": "3",
        "healthcare": "clinic",
        "height": "4",
        "name": "Clinica y Laboratorio San Lucas",
        "@geometry": "center"
      },
      "geometry": {
        "type": "Point",
        "coordinates": [
          -89.1411945,
          13.7142202
        ]
      },
      "id": "way/1510169200"
    },
    {
      "type": "Feature",
      "properties": {
        "@id": "way/1510169201",
        "amenity": "clinic",
        "building": "yes",
        "healthcare": "clinic",
        "name": "A&A Center",
        "@geometry": "center"
      },
      "geometry": {
        "type": "Point",
        "coordinates": [
          -89.1411523,
          13.7142461
        ]
      },
      "id": "way/1510169201"
    },
    {
      "type": "Feature",
      "properties": {
        "@id": "way/1510169204",
        "amenity": "clinic",
        "building": "yes",
        "building:levels": "1",
        "healthcare": "clinic",
        "height": "4.5",
        "name": "Laboratorio Clínico Alvarez",
        "roof:height": "1.5",
        "roof:shape": "gabled",
        "@geometry": "center"
      },
      "geometry": {
        "type": "Point",
        "coordinates": [
          -89.1410592,
          13.7142493
        ]
      },
      "id": "way/1510169204"
    },
    {
      "type": "Feature",
      "properties": {
        "@id": "way/1510169206",
        "amenity": "clinic",
        "building": "yes",
        "building:levels": "1",
        "healthcare": "clinic",
        "height": "4.5",
        "name": "Centro Médico Mesías",
        "roof:height": "1.5",
        "@geometry": "center"
      },
      "geometry": {
        "type": "Point",
        "coordinates": [
          -89.140934,
          13.7142665
        ]
      },
      "id": "way/1510169206"
    },
    {
      "type": "Feature",
      "properties": {
        "@id": "way/1510714107",
        "amenity": "clinic",
        "building": "yes",
        "healthcare": "clinic",
        "name": "UNIDAD DE SALUD SANTA ANITA MERCEDES UMAÑA",
        "opening_hours": "Mo-Fr 08:00-17:00",
        "operator": "Ministerio de Salud",
        "operator:short": "MINSAL",
        "operator:type": "government",
        "operator:wikidata": "Q50037290",
        "@geometry": "center"
      },
      "geometry": {
        "type": "Point",
        "coordinates": [
          -88.5117121,
          13.5719486
        ]
      },
      "id": "way/1510714107"
    },
    {
      "type": "Feature",
      "properties": {
        "@id": "way/1511176944",
        "amenity": "clinic",
        "building": "yes",
        "building:levels": "3",
        "healthcare": "clinic",
        "height": "4.5",
        "name": "Centro Médico San Antonio",
        "@geometry": "center"
      },
      "geometry": {
        "type": "Point",
        "coordinates": [
          -89.1500949,
          13.7027829
        ]
      },
      "id": "way/1511176944"
    },
    {
      "type": "Feature",
      "properties": {
        "@id": "way/1511176958",
        "amenity": "clinic",
        "building": "yes",
        "building:levels": "1",
        "healthcare": "clinic",
        "height": "3",
        "name": "Centro Médico San Francisco",
        "@geometry": "center"
      },
      "geometry": {
        "type": "Point",
        "coordinates": [
          -89.1493241,
          13.7035848
        ]
      },
      "id": "way/1511176958"
    },
    {
      "type": "Feature",
      "properties": {
        "@id": "way/1532042651",
        "amenity": "clinic",
        "building": "yes",
        "healthcare": "clinic",
        "name": "Clinica Comunal Jardines de Colon",
        "@geometry": "center"
      },
      "geometry": {
        "type": "Point",
        "coordinates": [
          -89.3561404,
          13.7114585
        ]
      },
      "id": "way/1532042651"
    },
    {
      "type": "Feature",
      "properties": {
        "@id": "node/1551187823",
        "amenity": "hospital",
        "healthcare": "hospital",
        "name": "Clínica Veterinaria El Esfuerzo"
      },
      "geometry": {
        "type": "Point",
        "coordinates": [
          -89.7448357,
          13.8433706
        ]
      },
      "id": "node/1551187823"
    },
    {
      "type": "Feature",
      "properties": {
        "@id": "node/1642100520",
        "amenity": "clinic",
        "source": "KG Ground Survey 2016"
      },
      "geometry": {
        "type": "Point",
        "coordinates": [
          -87.8182879,
          13.8097739
        ]
      },
      "id": "node/1642100520"
    },
    {
      "type": "Feature",
      "properties": {
        "@id": "node/1917639995",
        "amenity": "hospital",
        "designation": "Unidad de Salud",
        "emergency": "yes",
        "name": "Unidad de Salud"
      },
      "geometry": {
        "type": "Point",
        "coordinates": [
          -89.8518391,
          13.8703412
        ]
      },
      "id": "node/1917639995"
    },
    {
      "type": "Feature",
      "properties": {
        "@id": "node/1941944318",
        "amenity": "hospital",
        "healthcare": "hospital",
        "name": "Edificio Anexo Hospital San Rafael"
      },
      "geometry": {
        "type": "Point",
        "coordinates": [
          -89.2780711,
          13.6701638
        ]
      },
      "id": "node/1941944318"
    },
    {
      "type": "Feature",
      "properties": {
        "@id": "node/1974005866",
        "amenity": "hospital",
        "name": "Centro Asistencial de Salud"
      },
      "geometry": {
        "type": "Point",
        "coordinates": [
          -88.3623518,
          13.7226235
        ]
      },
      "id": "node/1974005866"
    },
    {
      "type": "Feature",
      "properties": {
        "@id": "node/2071092970",
        "amenity": "hospital",
        "emergency": "no",
        "name": "Asilo de Ancianos Sara Zaldívar"
      },
      "geometry": {
        "type": "Point",
        "coordinates": [
          -89.1991674,
          13.6786622
        ]
      },
      "id": "node/2071092970"
    },
    {
      "type": "Feature",
      "properties": {
        "@id": "node/2072315429",
        "amenity": "hospital",
        "name": "Centro Médico"
      },
      "geometry": {
        "type": "Point",
        "coordinates": [
          -89.5611765,
          13.9834149
        ]
      },
      "id": "node/2072315429"
    },
    {
      "type": "Feature",
      "properties": {
        "@id": "node/2072455927",
        "amenity": "hospital",
        "emergency": "no",
        "healthcare": "hospital",
        "name": "Instituto de Ojos"
      },
      "geometry": {
        "type": "Point",
        "coordinates": [
          -89.2011858,
          13.7072503
        ]
      },
      "id": "node/2072455927"
    },
    {
      "type": "Feature",
      "properties": {
        "@id": "node/2072455931",
        "amenity": "hospital",
        "emergency": "yes",
        "healthcare": "hospital",
        "helipad": "no",
        "name": "Hospital Centro Pediátrico"
      },
      "geometry": {
        "type": "Point",
        "coordinates": [
          -89.2010356,
          13.7080581
        ]
      },
      "id": "node/2072455931"
    },
    {
      "type": "Feature",
      "properties": {
        "@id": "node/2117357673",
        "amenity": "hospital",
        "name": "Unidad de salut de comasagua"
      },
      "geometry": {
        "type": "Point",
        "coordinates": [
          -89.3793289,
          13.6378306
        ]
      },
      "id": "node/2117357673"
    },
    {
      "type": "Feature",
      "properties": {
        "@id": "node/2142185656",
        "addr:city": "San Salvador",
        "addr:street": "Avenida Barberena",
        "amenity": "clinic",
        "healthcare": "clinic",
        "name": "Unidad médica ISSS San Jacinto"
      },
      "geometry": {
        "type": "Point",
        "coordinates": [
          -89.1887654,
          13.6863607
        ]
      },
      "id": "node/2142185656"
    },
    {
      "type": "Feature",
      "properties": {
        "@id": "node/2387635841",
        "amenity": "clinic",
        "emergency": "yes",
        "healthcare": "clinic",
        "name": "CLINICA COMUNAL DE NEJAPA"
      },
      "geometry": {
        "type": "Point",
        "coordinates": [
          -89.2303349,
          13.8129373
        ]
      },
      "id": "node/2387635841"
    },
    {
      "type": "Feature",
      "properties": {
        "@id": "node/2387635842",
        "amenity": "clinic",
        "emergency": "no",
        "healthcare": "clinic",
        "name": "UNIDAD DE SALUD DE NEJAPA"
      },
      "geometry": {
        "type": "Point",
        "coordinates": [
          -89.228967,
          13.8094304
        ]
      },
      "id": "node/2387635842"
    },
    {
      "type": "Feature",
      "properties": {
        "@id": "node/2601969391",
        "amenity": "hospital",
        "healthcare": "hospital",
        "name": "Hospital de Especialidades"
      },
      "geometry": {
        "type": "Point",
        "coordinates": [
          -88.1829557,
          13.4771514
        ]
      },
      "id": "node/2601969391"
    },
    {
      "type": "Feature",
      "properties": {
        "@id": "node/2809112460",
        "amenity": "hospital",
        "emergency": "yes",
        "name": "Clínica del ISSS"
      },
      "geometry": {
        "type": "Point",
        "coordinates": [
          -87.8426338,
          13.3382435
        ]
      },
      "id": "node/2809112460"
    },
    {
      "type": "Feature",
      "properties": {
        "@id": "node/2936370112",
        "amenity": "clinic",
        "healthcare": "clinic",
        "name": "Instituto de Neurociencias de El Salvador",
        "opening_hours": "Mo-Fr 09:00-18:00",
        "source": "KG Ground Survey 2016"
      },
      "geometry": {
        "type": "Point",
        "coordinates": [
          -89.2472731,
          13.7039026
        ]
      },
      "id": "node/2936370112"
    },
    {
      "type": "Feature",
      "properties": {
        "@id": "node/2984643444",
        "amenity": "clinic",
        "name": "Clínica Municipal de Nuevo Cuscatlan (N)"
      },
      "geometry": {
        "type": "Point",
        "coordinates": [
          -89.2664948,
          13.6477906
        ]
      },
      "id": "node/2984643444"
    },
    {
      "type": "Feature",
      "properties": {
        "@id": "node/3299656690",
        "amenity": "hospital",
        "emergency": "yes",
        "name": "Priority Emergencias Medicas Salvadoreñas",
        "opening_hours": "24/7"
      },
      "geometry": {
        "type": "Point",
        "coordinates": [
          -89.2340732,
          13.7067767
        ]
      },
      "id": "node/3299656690"
    },
    {
      "type": "Feature",
      "properties": {
        "@id": "node/3794782914",
        "amenity": "hospital",
        "emergency": "yes",
        "name": "Unidad de Salud - San Miguel de Mercedes"
      },
      "geometry": {
        "type": "Point",
        "coordinates": [
          -88.9419111,
          14.0136776
        ]
      },
      "id": "node/3794782914"
    },
    {
      "type": "Feature",
      "properties": {
        "@id": "node/3814683871",
        "addr:street": "17 Avenida Norte",
        "amenity": "clinic",
        "healthcare": "clinic",
        "name": "Laboratorio Clinico"
      },
      "geometry": {
        "type": "Point",
        "coordinates": [
          -89.2769968,
          13.6802882
        ]
      },
      "id": "node/3814683871"
    },
    {
      "type": "Feature",
      "properties": {
        "@id": "node/3814809441",
        "amenity": "clinic",
        "name": "Clínica Orden de Malta"
      },
      "geometry": {
        "type": "Point",
        "coordinates": [
          -89.6855623,
          13.9870837
        ]
      },
      "id": "node/3814809441"
    },
    {
      "type": "Feature",
      "properties": {
        "@id": "node/3816170783",
        "addr:city": "San Salvador",
        "addr:street": "Paseo General Escalón",
        "amenity": "clinic",
        "name": "Electrolab Medic",
        "source": "KG Ground Survey 2015"
      },
      "geometry": {
        "type": "Point",
        "coordinates": [
          -89.2415847,
          13.7030664
        ]
      },
      "id": "node/3816170783"
    },
    {
      "type": "Feature",
      "properties": {
        "@id": "node/3816170802",
        "addr:city": "San Salvador",
        "addr:street": "Paseo General Escalón",
        "amenity": "clinic",
        "name": "Imagenes Medicas",
        "source": "KG Ground Survey 2015"
      },
      "geometry": {
        "type": "Point",
        "coordinates": [
          -89.2428468,
          13.70275
        ]
      },
      "id": "node/3816170802"
    },
    {
      "type": "Feature",
      "properties": {
        "@id": "node/3817994597",
        "addr:city": "San Miguel",
        "amenity": "clinic",
        "name": "Electrolab Medic",
        "source": "KG Ground Survey 2015"
      },
      "geometry": {
        "type": "Point",
        "coordinates": [
          -88.1842902,
          13.4737778
        ]
      },
      "id": "node/3817994597"
    },
    {
      "type": "Feature",
      "properties": {
        "@id": "node/3819794163",
        "addr:city": "San Miguel",
        "addr:street": "Alameda Roosevelt (Carretera Panamericana)",
        "amenity": "clinic",
        "name": "Laboratorio Clinico Quimilab",
        "source": "KG Ground Survey 2015"
      },
      "geometry": {
        "type": "Point",
        "coordinates": [
          -88.1846749,
          13.477606
        ]
      },
      "id": "node/3819794163"
    },
    {
      "type": "Feature",
      "properties": {
        "@id": "node/3819794164",
        "addr:city": "San Miguel",
        "addr:street": "Alameda Roosevelt (Carretera Panamericana)",
        "amenity": "clinic",
        "name": "Laboratorio Clinico San Nicolás",
        "source": "KG Ground Survey 2015"
      },
      "geometry": {
        "type": "Point",
        "coordinates": [
          -88.1846802,
          13.4775251
        ]
      },
      "id": "node/3819794164"
    },
    {
      "type": "Feature",
      "properties": {
        "@id": "node/3968806453",
        "amenity": "clinic",
        "name": "Unidad de Salud",
        "source": "KG Ground Survey 2016",
        "source:name": "KG Ground Survey 2016"
      },
      "geometry": {
        "type": "Point",
        "coordinates": [
          -89.7055646,
          13.9759023
        ]
      },
      "id": "node/3968806453"
    },
    {
      "type": "Feature",
      "properties": {
        "@id": "node/3968893364",
        "addr:housenumber": "Pol. 10 Lote 11",
        "addr:street": "Calle Los Arados",
        "amenity": "clinic",
        "healthcare": "clinic",
        "name": "UCSFB El Rosario",
        "source": "KG Ground Survey 2016"
      },
      "geometry": {
        "type": "Point",
        "coordinates": [
          -89.7050228,
          13.9681927
        ]
      },
      "id": "node/3968893364"
    },
    {
      "type": "Feature",
      "properties": {
        "@id": "node/3968967150",
        "amenity": "clinic",
        "source": "KG Ground Survey 2016"
      },
      "geometry": {
        "type": "Point",
        "coordinates": [
          -87.8167347,
          13.8119375
        ]
      },
      "id": "node/3968967150"
    },
    {
      "type": "Feature",
      "properties": {
        "@id": "node/3969243408",
        "amenity": "clinic",
        "name": "Clínica Medica Profamilia",
        "source": "KG Ground Survey 2016"
      },
      "geometry": {
        "type": "Point",
        "coordinates": [
          -87.841311,
          13.3363011
        ]
      },
      "id": "node/3969243408"
    },
    {
      "type": "Feature",
      "properties": {
        "@id": "node/3969243411",
        "amenity": "clinic",
        "name": "Cruz Roja Salvadoreña",
        "source": "KG Ground Survey 2016"
      },
      "geometry": {
        "type": "Point",
        "coordinates": [
          -87.8416114,
          13.3345734
        ]
      },
      "id": "node/3969243411"
    },
    {
      "type": "Feature",
      "properties": {
        "@id": "node/3969266274",
        "amenity": "hospital",
        "name": "Hospital Nacional",
        "source": "KG Ground Survey 2016"
      },
      "geometry": {
        "type": "Point",
        "coordinates": [
          -87.8395559,
          13.3374071
        ]
      },
      "id": "node/3969266274"
    },
    {
      "type": "Feature",
      "properties": {
        "@id": "node/3969266275",
        "addr:housename": "TORRE SAN FRANCISCO",
        "amenity": "clinic",
        "building": "yes",
        "name": "Clínica Médica Familar",
        "source": "KG Ground Survey 2016"
      },
      "geometry": {
        "type": "Point",
        "coordinates": [
          -87.8396471,
          13.3369895
        ]
      },
      "id": "node/3969266275"
    },
    {
      "type": "Feature",
      "properties": {
        "@id": "node/3969266279",
        "amenity": "clinic",
        "name": "Clínica Club de Leones",
        "source": "KG Ground Survey 2016"
      },
      "geometry": {
        "type": "Point",
        "coordinates": [
          -87.8388502,
          13.3377211
        ]
      },
      "id": "node/3969266279"
    },
    {
      "type": "Feature",
      "properties": {
        "@id": "node/3969348787",
        "amenity": "clinic",
        "name": "Unidad de Salud",
        "source": "Centro Nacional de Registros"
      },
      "geometry": {
        "type": "Point",
        "coordinates": [
          -87.9519753,
          13.5730799
        ]
      },
      "id": "node/3969348787"
    },
    {
      "type": "Feature",
      "properties": {
        "@id": "node/3969370292",
        "addr:city": "San Gerardo",
        "addr:street": "Carretera Longitudinal Norte",
        "amenity": "clinic",
        "name": "Unidad de Salud",
        "source": "Centro Nacional de Registros"
      },
      "geometry": {
        "type": "Point",
        "coordinates": [
          -88.4048352,
          13.8102873
        ]
      },
      "id": "node/3969370292"
    },
    {
      "type": "Feature",
      "properties": {
        "@id": "node/3969395280",
        "amenity": "clinic",
        "name": "Unidad de Salud",
        "source": "Centro Nacional de Registros"
      },
      "geometry": {
        "type": "Point",
        "coordinates": [
          -87.9014804,
          13.5617863
        ]
      },
      "id": "node/3969395280"
    },
    {
      "type": "Feature",
      "properties": {
        "@id": "node/3969495935",
        "amenity": "clinic",
        "name": "Unidad de Salud de Pasaquina",
        "source": "Centro Nacional de Registros"
      },
      "geometry": {
        "type": "Point",
        "coordinates": [
          -87.8367899,
          13.5818405
        ]
      },
      "id": "node/3969495935"
    },
    {
      "type": "Feature",
      "properties": {
        "@id": "node/3969545698",
        "amenity": "clinic",
        "name": "Unidad de Salud",
        "source": "Centro Nacional de Registros"
      },
      "geometry": {
        "type": "Point",
        "coordinates": [
          -87.8743634,
          13.741884
        ]
      },
      "id": "node/3969545698"
    },
    {
      "type": "Feature",
      "properties": {
        "@id": "node/3969572342",
        "amenity": "clinic",
        "name": "Unidad de Salud Enfermera Ana María Alfaro de Sánchez",
        "source": "KG Ground Survey 2016",
        "source:name": "Centro Nacional de Registros"
      },
      "geometry": {
        "type": "Point",
        "coordinates": [
          -87.8340675,
          13.7842859
        ]
      },
      "id": "node/3969572342"
    },
    {
      "type": "Feature",
      "properties": {
        "@id": "node/3971364159",
        "amenity": "clinic",
        "name": "Unidad de Salud",
        "source": "Centro Nacional de Registros"
      },
      "geometry": {
        "type": "Point",
        "coordinates": [
          -88.0062527,
          13.7024886
        ]
      },
      "id": "node/3971364159"
    },
    {
      "type": "Feature",
      "properties": {
        "@id": "node/3971434373",
        "amenity": "clinic",
        "name": "Unidad de Salud",
        "source": "Centro Nacional de Registros"
      },
      "geometry": {
        "type": "Point",
        "coordinates": [
          -88.227521,
          13.8324505
        ]
      },
      "id": "node/3971434373"
    },
    {
      "type": "Feature",
      "properties": {
        "@id": "node/3971511082",
        "amenity": "clinic",
        "name": "Unidad de Salud",
        "source": "Centro Nacional de Registros"
      },
      "geometry": {
        "type": "Point",
        "coordinates": [
          -88.3509677,
          13.5540305
        ]
      },
      "id": "node/3971511082"
    },
    {
      "type": "Feature",
      "properties": {
        "@id": "node/3971572722",
        "amenity": "clinic",
        "name": "Unidad de Salud",
        "source": "Centro Nacional de Registros"
      },
      "geometry": {
        "type": "Point",
        "coordinates": [
          -88.0716186,
          13.5041814
        ]
      },
      "id": "node/3971572722"
    },
    {
      "type": "Feature",
      "properties": {
        "@id": "node/3971603602",
        "amenity": "clinic",
        "name": "Unidad de Salud",
        "source": "Centro Nacional de Registros"
      },
      "geometry": {
        "type": "Point",
        "coordinates": [
          -87.7987511,
          13.6668828
        ]
      },
      "id": "node/3971603602"
    },
    {
      "type": "Feature",
      "properties": {
        "@id": "node/3971622791",
        "amenity": "clinic",
        "name": "Unidad de Salud",
        "source": "Centro Nacional de Registros"
      },
      "geometry": {
        "type": "Point",
        "coordinates": [
          -88.4877406,
          13.825499
        ]
      },
      "id": "node/3971622791"
    },
    {
      "type": "Feature",
      "properties": {
        "@id": "node/3971683759",
        "amenity": "clinic",
        "healthcare": "clinic",
        "name": "Unidad de Salud",
        "source": "Centro Nacional de Registros"
      },
      "geometry": {
        "type": "Point",
        "coordinates": [
          -88.120843,
          13.7214664
        ]
      },
      "id": "node/3971683759"
    },
    {
      "type": "Feature",
      "properties": {
        "@id": "node/3971704870",
        "amenity": "clinic",
        "name": "Unidad de Salud",
        "source": "Centro Nacional de Registros"
      },
      "geometry": {
        "type": "Point",
        "coordinates": [
          -88.233072,
          13.9134905
        ]
      },
      "id": "node/3971704870"
    },
    {
      "type": "Feature",
      "properties": {
        "@id": "node/3971759964",
        "amenity": "clinic",
        "source": "KG Ground Survey 2016"
      },
      "geometry": {
        "type": "Point",
        "coordinates": [
          -88.1021642,
          13.6959013
        ]
      },
      "id": "node/3971759964"
    },
    {
      "type": "Feature",
      "properties": {
        "@id": "node/3971789068",
        "amenity": "hospital",
        "source": "KG Ground Survey 2016"
      },
      "geometry": {
        "type": "Point",
        "coordinates": [
          -88.102132,
          13.6950674
        ]
      },
      "id": "node/3971789068"
    },
    {
      "type": "Feature",
      "properties": {
        "@id": "node/3971795338",
        "amenity": "clinic",
        "name": "Cruz Roja Salvadoreña",
        "source": "Centro Nacional de Registros"
      },
      "geometry": {
        "type": "Point",
        "coordinates": [
          -88.0977761,
          13.6880416
        ]
      },
      "id": "node/3971795338"
    },
    {
      "type": "Feature",
      "properties": {
        "@id": "node/3971829301",
        "amenity": "clinic",
        "healthcare": "clinic",
        "healthcare:speciality": "general",
        "name": "Unidad de Salud PERQUIN",
        "operator": "MINSAL",
        "operator:type": "government",
        "source": "Centro Nacional de Registros;local knowledge"
      },
      "geometry": {
        "type": "Point",
        "coordinates": [
          -88.1577864,
          13.9588921
        ]
      },
      "id": "node/3971829301"
    },
    {
      "type": "Feature",
      "properties": {
        "@id": "node/3971915490",
        "amenity": "clinic",
        "name": "Unidad de Salud",
        "source": "Centro Nacional de Registros"
      },
      "geometry": {
        "type": "Point",
        "coordinates": [
          -88.1535434,
          13.805581
        ]
      },
      "id": "node/3971915490"
    },
    {
      "type": "Feature",
      "properties": {
        "@id": "node/3971971763",
        "amenity": "clinic",
        "name": "Unidad de Salud",
        "source": "Centro Nacional de Registros"
      },
      "geometry": {
        "type": "Point",
        "coordinates": [
          -88.1533126,
          13.8512283
        ]
      },
      "id": "node/3971971763"
    },
    {
      "type": "Feature",
      "properties": {
        "@id": "node/3972011219",
        "amenity": "clinic",
        "healthcare": "clinic",
        "name": "UCSF",
        "operator": "MINED",
        "operator:type": "government",
        "source": "Centro Nacional de Registros"
      },
      "geometry": {
        "type": "Point",
        "coordinates": [
          -88.2104818,
          13.8178009
        ]
      },
      "id": "node/3972011219"
    },
    {
      "type": "Feature",
      "properties": {
        "@id": "node/3972074994",
        "amenity": "clinic",
        "name": "Unidad de Salud",
        "source": "Centro Nacional de Registros"
      },
      "geometry": {
        "type": "Point",
        "coordinates": [
          -88.5037526,
          13.3808478
        ]
      },
      "id": "node/3972074994"
    },
    {
      "type": "Feature",
      "properties": {
        "@id": "node/3972158089",
        "amenity": "clinic",
        "name": "Unidad de Salud",
        "source": "Centro Nacional de Registros"
      },
      "geometry": {
        "type": "Point",
        "coordinates": [
          -88.0463754,
          13.8952454
        ]
      },
      "id": "node/3972158089"
    },
    {
      "type": "Feature",
      "properties": {
        "@id": "node/3972290289",
        "amenity": "clinic",
        "name": "Unidad de Salud",
        "opening_hours": "Mo-Fr 09:00-17:00",
        "operator": "Ministerio de Salud",
        "operator:type": "government",
        "source": "Centro Nacional de Registros;ministerio de salud"
      },
      "geometry": {
        "type": "Point",
        "coordinates": [
          -88.1322185,
          13.9218386
        ]
      },
      "id": "node/3972290289"
    },
    {
      "type": "Feature",
      "properties": {
        "@id": "node/3972351040",
        "amenity": "clinic",
        "healthcare": "clinic",
        "name": "Consultorio Nº 29 ISSS",
        "operator": "Ministerio de Salud",
        "operator:short": "MINSAL",
        "operator:type": "government",
        "operator:wikidata": "Q50037290",
        "source": "Centro Nacional de Registros"
      },
      "geometry": {
        "type": "Point",
        "coordinates": [
          -88.4664985,
          13.4839597
        ]
      },
      "id": "node/3972351040"
    },
    {
      "type": "Feature",
      "properties": {
        "@id": "node/3972359343",
        "amenity": "clinic",
        "name": "Clínica Profamilia",
        "source": "Centro Nacional de Registros"
      },
      "geometry": {
        "type": "Point",
        "coordinates": [
          -88.4657796,
          13.4811114
        ]
      },
      "id": "node/3972359343"
    },
    {
      "type": "Feature",
      "properties": {
        "@id": "node/3972359344",
        "amenity": "hospital",
        "healthcare": "hospital",
        "name": "Hospital ISSS",
        "operator": "Ministerio de Salud",
        "operator:short": "MINSAL",
        "operator:type": "government",
        "operator:wikidata": "Q50037290",
        "source": "Centro Nacional de Registros"
      },
      "geometry": {
        "type": "Point",
        "coordinates": [
          -88.4654792,
          13.4807254
        ]
      },
      "id": "node/3972359344"
    },
    {
      "type": "Feature",
      "properties": {
        "@id": "node/3972360346",
        "amenity": "clinic",
        "healthcare": "clinic",
        "name": "Unidad de Salud",
        "operator": "Ministerio de Salud",
        "operator:short": "MINSAL",
        "operator:type": "government",
        "operator:wikidata": "Q50037290",
        "source": "Centro Nacional de Registros"
      },
      "geometry": {
        "type": "Point",
        "coordinates": [
          -88.4602328,
          13.4785031
        ]
      },
      "id": "node/3972360346"
    },
    {
      "type": "Feature",
      "properties": {
        "@id": "node/3972391822",
        "amenity": "clinic",
        "name": "Unidad de Salud",
        "source": "Centro Nacional de Registros"
      },
      "geometry": {
        "type": "Point",
        "coordinates": [
          -88.1379986,
          13.7874613
        ]
      },
      "id": "node/3972391822"
    },
    {
      "type": "Feature",
      "properties": {
        "@id": "node/3972513408",
        "amenity": "hospital",
        "name": "Unidad de Salud",
        "source": "KG Ground Survey 2016"
      },
      "geometry": {
        "type": "Point",
        "coordinates": [
          -89.165915,
          13.8029439
        ]
      },
      "id": "node/3972513408"
    },
    {
      "type": "Feature",
      "properties": {
        "@id": "node/3972809679",
        "addr:city": "Chinameca",
        "amenity": "hospital",
        "name": "ISSS",
        "source": "KG Ground Survey 2016"
      },
      "geometry": {
        "type": "Point",
        "coordinates": [
          -88.3469412,
          13.5121895
        ]
      },
      "id": "node/3972809679"
    },
    {
      "type": "Feature",
      "properties": {
        "@id": "node/3972809696",
        "addr:city": "Chinameca",
        "amenity": "hospital",
        "name": "Cruz Roja",
        "source": "KG Ground Survey 2016"
      },
      "geometry": {
        "type": "Point",
        "coordinates": [
          -88.3478544,
          13.5113885
        ]
      },
      "id": "node/3972809696"
    },
    {
      "type": "Feature",
      "properties": {
        "@id": "node/3972932191",
        "amenity": "hospital",
        "name": "Hospital Nacional",
        "source": "KG Ground Survey 2016"
      },
      "geometry": {
        "type": "Point",
        "coordinates": [
          -88.3491298,
          13.5377068
        ]
      },
      "id": "node/3972932191"
    },
    {
      "type": "Feature",
      "properties": {
        "@id": "node/3974850112",
        "amenity": "clinic",
        "name": "Unidad de Salud",
        "source": "Centro Nacional de Registros"
      },
      "geometry": {
        "type": "Point",
        "coordinates": [
          -88.417584,
          13.3474276
        ]
      },
      "id": "node/3974850112"
    },
    {
      "type": "Feature",
      "properties": {
        "@id": "node/3974922595",
        "amenity": "clinic",
        "name": "Clínica de la Orden de Malta",
        "source": "Centro Nacional de Registros"
      },
      "geometry": {
        "type": "Point",
        "coordinates": [
          -88.4908014,
          13.5616102
        ]
      },
      "id": "node/3974922595"
    },
    {
      "type": "Feature",
      "properties": {
        "@id": "node/3976940147",
        "amenity": "clinic",
        "name": "Unidad de Salud",
        "source": "Centro Nacional de Registros"
      },
      "geometry": {
        "type": "Point",
        "coordinates": [
          -88.3739591,
          13.3421082
        ]
      },
      "id": "node/3976940147"
    },
    {
      "type": "Feature",
      "properties": {
        "@id": "node/3976979874",
        "amenity": "clinic",
        "name": "Unidad de Salud",
        "source": "Centro Nacional de Registros"
      },
      "geometry": {
        "type": "Point",
        "coordinates": [
          -88.3441312,
          13.4161801
        ]
      },
      "id": "node/3976979874"
    },
    {
      "type": "Feature",
      "properties": {
        "@id": "node/3977001154",
        "amenity": "clinic",
        "name": "Unidad de Salud",
        "source": "Centro Nacional de Registros"
      },
      "geometry": {
        "type": "Point",
        "coordinates": [
          -88.2345282,
          13.5193522
        ]
      },
      "id": "node/3977001154"
    },
    {
      "type": "Feature",
      "properties": {
        "@id": "node/3977032594",
        "amenity": "clinic",
        "name": "Unidad de Salud",
        "source": "Centro Nacional de Registros"
      },
      "geometry": {
        "type": "Point",
        "coordinates": [
          -88.2592799,
          13.5310736
        ]
      },
      "id": "node/3977032594"
    },
    {
      "type": "Feature",
      "properties": {
        "@id": "node/3977361473",
        "amenity": "hospital",
        "emergency": "yes",
        "name": "Clínica del Seguro Social"
      },
      "geometry": {
        "type": "Point",
        "coordinates": [
          -88.4343285,
          13.3401737
        ]
      },
      "id": "node/3977361473"
    },
    {
      "type": "Feature",
      "properties": {
        "@id": "node/3982897919",
        "amenity": "clinic",
        "name": "Unidad de Salud",
        "source": "Centro Nacional de Registros"
      },
      "geometry": {
        "type": "Point",
        "coordinates": [
          -88.3451317,
          13.3577238
        ]
      },
      "id": "node/3982897919"
    },
    {
      "type": "Feature",
      "properties": {
        "@id": "node/3982947146",
        "addr:city": "Chapeltique",
        "addr:street": "2a Calle Poniente",
        "amenity": "clinic",
        "name": "Unidad de Salud",
        "source": "Centro Nacional de Registros"
      },
      "geometry": {
        "type": "Point",
        "coordinates": [
          -88.2635032,
          13.6351768
        ]
      },
      "id": "node/3982947146"
    },
    {
      "type": "Feature",
      "properties": {
        "@id": "node/3984803230",
        "addr:street": "4a Calle Poniente",
        "amenity": "clinic",
        "name": "Clínica Medica Bethania",
        "source": "KG Ground Survey 2016"
      },
      "geometry": {
        "type": "Point",
        "coordinates": [
          -89.1957968,
          13.6975735
        ]
      },
      "id": "node/3984803230"
    },
    {
      "type": "Feature",
      "properties": {
        "@id": "node/3987124142",
        "amenity": "clinic",
        "name": "Cruz Roja",
        "source": "Centro Nacional de Registros"
      },
      "geometry": {
        "type": "Point",
        "coordinates": [
          -88.2717482,
          13.7642841
        ]
      },
      "id": "node/3987124142"
    },
    {
      "type": "Feature",
      "properties": {
        "@id": "node/3988366987",
        "addr:street": "Avenida Albert Einstein",
        "amenity": "clinic",
        "name": "Clínica Medica",
        "source": "KG Ground Survey 2016"
      },
      "geometry": {
        "type": "Point",
        "coordinates": [
          -89.2357572,
          13.6769675
        ]
      },
      "id": "node/3988366987"
    },
    {
      "type": "Feature",
      "properties": {
        "@id": "node/3989010479",
        "amenity": "clinic",
        "name": "Laboratorio Clinico",
        "source": "KG Ground Survey 2016"
      },
      "geometry": {
        "type": "Point",
        "coordinates": [
          -89.2616993,
          13.6647449
        ]
      },
      "id": "node/3989010479"
    },
    {
      "type": "Feature",
      "properties": {
        "@id": "node/3990645130",
        "addr:street": "Alameda Franklin Delano Roosevelt",
        "amenity": "clinic",
        "check_date:currency:XBT": "2022-11-14",
        "currency:XBT": "yes",
        "healthcare": "clinic",
        "name": "Laboratorio Central Dr. Max Bloch",
        "source": "KG Ground Survey 2016"
      },
      "geometry": {
        "type": "Point",
        "coordinates": [
          -89.207685,
          13.7000105
        ]
      },
      "id": "node/3990645130"
    },
    {
      "type": "Feature",
      "properties": {
        "@id": "node/3995860304",
        "addr:street": "Calle San Antonio Abad",
        "amenity": "clinic",
        "healthcare": "clinic",
        "healthcare:speciality": "ophthalmology",
        "name": "Medicos Oftalmologos",
        "source": "KG Ground Survey 2016"
      },
      "geometry": {
        "type": "Point",
        "coordinates": [
          -89.2082406,
          13.7145472
        ]
      },
      "id": "node/3995860304"
    },
    {
      "type": "Feature",
      "properties": {
        "@id": "node/3997693349",
        "amenity": "clinic",
        "healthcare": "clinic",
        "name": "Laboratorio Clinico Lab-Center",
        "source": "KG Ground Survey 2016"
      },
      "geometry": {
        "type": "Point",
        "coordinates": [
          -89.2217847,
          13.7215401
        ]
      },
      "id": "node/3997693349"
    },
    {
      "type": "Feature",
      "properties": {
        "@id": "node/3999622020",
        "addr:street": "33 Calle Oriente",
        "amenity": "clinic",
        "name": "Clínica Parroquial Nuestra Señora de Fatima",
        "source": "KG Ground Survey 2016"
      },
      "geometry": {
        "type": "Point",
        "coordinates": [
          -89.1848299,
          13.7145883
        ]
      },
      "id": "node/3999622020"
    },
    {
      "type": "Feature",
      "properties": {
        "@id": "node/4001465053",
        "addr:city": "Santa Tecla",
        "addr:street": "4a Calle Poniente",
        "amenity": "clinic",
        "name": "Clínica Médica Su Salud",
        "source": "KG Ground Survey 2016"
      },
      "geometry": {
        "type": "Point",
        "coordinates": [
          -89.2890323,
          13.6722415
        ]
      },
      "id": "node/4001465053"
    },
    {
      "type": "Feature",
      "properties": {
        "@id": "node/4001606822",
        "addr:city": "Santa Tecla",
        "addr:street": "2a Calle Poniente",
        "amenity": "clinic",
        "name": "Megalab Laboratorio Clínico",
        "source": "KG Ground Survey 2016"
      },
      "geometry": {
        "type": "Point",
        "coordinates": [
          -89.2890445,
          13.6729918
        ]
      },
      "id": "node/4001606822"
    },
    {
      "type": "Feature",
      "properties": {
        "@id": "node/4003452952",
        "addr:city": "Santa Tecla",
        "addr:street": "1a Avenida Sur",
        "amenity": "doctors",
        "name": "Centro de Atención Integral del Pie",
        "source": "KG Ground Survey 2016"
      },
      "geometry": {
        "type": "Point",
        "coordinates": [
          -89.2871292,
          13.6727
        ]
      },
      "id": "node/4003452952"
    },
    {
      "type": "Feature",
      "properties": {
        "@id": "node/4015219631",
        "amenity": "clinic",
        "fixme": "Survey closing hours.",
        "healthcare": "clinic",
        "healthcare:speciality": "dentist;clinic;general",
        "name": "Unidad de Salud NATIVIDAD",
        "opening_hours": "07:30+",
        "operator": "desconocido",
        "operator:type": "public",
        "source": "Alcaldía de Santa Ana;local knowledge"
      },
      "geometry": {
        "type": "Point",
        "coordinates": [
          -89.5370909,
          13.9832855
        ]
      },
      "id": "node/4015219631"
    },
    {
      "type": "Feature",
      "properties": {
        "@id": "node/4015443256",
        "addr:city": "Sonsonate",
        "addr:street": "18 Avenida Sur",
        "amenity": "clinic",
        "source": "KG Ground Survey 2016"
      },
      "geometry": {
        "type": "Point",
        "coordinates": [
          -89.721611,
          13.7148079
        ]
      },
      "id": "node/4015443256"
    },
    {
      "type": "Feature",
      "properties": {
        "@id": "node/4020204005",
        "addr:street": "Avenida Paleca",
        "amenity": "clinic",
        "name": "Clínica de Ginecologia",
        "source": "KG Ground Survey 2016"
      },
      "geometry": {
        "type": "Point",
        "coordinates": [
          -89.1693686,
          13.7210528
        ]
      },
      "id": "node/4020204005"
    },
    {
      "type": "Feature",
      "properties": {
        "@id": "node/4020212657",
        "amenity": "clinic",
        "name": "Laboratorio Clínico Pro-Salud",
        "source": "KG Ground Survey 2016"
      },
      "geometry": {
        "type": "Point",
        "coordinates": [
          -89.1698836,
          13.7175795
        ]
      },
      "id": "node/4020212657"
    },
    {
      "type": "Feature",
      "properties": {
        "@id": "node/4020476319",
        "addr:street": "Avenida Principal",
        "amenity": "clinic",
        "name": "Laboratorio Clínico Salem",
        "source": "KG Ground Survey 2016"
      },
      "geometry": {
        "type": "Point",
        "coordinates": [
          -89.127305,
          13.7194143
        ]
      },
      "id": "node/4020476319"
    },
    {
      "type": "Feature",
      "properties": {
        "@id": "node/4020681728",
        "addr:street": "Avenida Paleca",
        "amenity": "clinic",
        "name": "Laboratorio Clinico Monte Sinai",
        "source": "KG Ground Survey 2016"
      },
      "geometry": {
        "type": "Point",
        "coordinates": [
          -89.1696666,
          13.7179173
        ]
      },
      "id": "node/4020681728"
    },
    {
      "type": "Feature",
      "properties": {
        "@id": "node/4022560073",
        "addr:street": "Paseo General Escalón",
        "amenity": "clinic",
        "healthcare": "clinic",
        "name": "Laboratorio Centro de Diagnóstico",
        "source": "KG Ground Survey 2016"
      },
      "geometry": {
        "type": "Point",
        "coordinates": [
          -89.2334557,
          13.7023334
        ]
      },
      "id": "node/4022560073"
    },
    {
      "type": "Feature",
      "properties": {
        "@id": "node/4022624899",
        "amenity": "clinic",
        "name": "Tecno Lab",
        "source": "KG Ground Survey 2016"
      },
      "geometry": {
        "type": "Point",
        "coordinates": [
          -89.2476523,
          13.703714
        ]
      },
      "id": "node/4022624899"
    },
    {
      "type": "Feature",
      "properties": {
        "@id": "node/4026793686",
        "addr:city": "Suchitoto",
        "addr:street": "2a Avenida Sur",
        "amenity": "clinic",
        "name": "Clínica Medica",
        "source": "KG Ground Survey 2016"
      },
      "geometry": {
        "type": "Point",
        "coordinates": [
          -89.027083,
          13.9361139
        ]
      },
      "id": "node/4026793686"
    },
    {
      "type": "Feature",
      "properties": {
        "@id": "node/4026961607",
        "amenity": "clinic",
        "name": "Unidad de Salud"
      },
      "geometry": {
        "type": "Point",
        "coordinates": [
          -88.1698087,
          13.665148
        ]
      },
      "id": "node/4026961607"
    },
    {
      "type": "Feature",
      "properties": {
        "@id": "node/4028228735",
        "amenity": "clinic",
        "name": "Unidad de Salud",
        "source": "Centro Nacional de Registros"
      },
      "geometry": {
        "type": "Point",
        "coordinates": [
          -88.1957679,
          13.9613285
        ]
      },
      "id": "node/4028228735"
    },
    {
      "type": "Feature",
      "properties": {
        "@id": "node/4028268491",
        "amenity": "clinic",
        "healthcare": "clinic",
        "name": "Unidad de Salud de El Divisadero",
        "operator": "MINSAL",
        "source": "Centro Nacional de Registros"
      },
      "geometry": {
        "type": "Point",
        "coordinates": [
          -88.0528511,
          13.599652
        ]
      },
      "id": "node/4028268491"
    },
    {
      "type": "Feature",
      "properties": {
        "@id": "node/4028623179",
        "addr:city": "San Martín",
        "addr:street": "2 Calle",
        "amenity": "clinic",
        "healthcare": "clinic",
        "name": "Centro Médico",
        "source": "KG Ground Survey 2016"
      },
      "geometry": {
        "type": "Point",
        "coordinates": [
          -89.0547936,
          13.7382495
        ]
      },
      "id": "node/4028623179"
    },
    {
      "type": "Feature",
      "properties": {
        "@id": "node/4029002858",
        "addr:city": "Santa Ana",
        "addr:street": "9a Calle Oriente",
        "amenity": "clinic",
        "name": "Clínica Médica"
      },
      "geometry": {
        "type": "Point",
        "coordinates": [
          -89.5559835,
          13.9898839
        ]
      },
      "id": "node/4029002858"
    },
    {
      "type": "Feature",
      "properties": {
        "@id": "node/4033279120",
        "addr:city": "San Martín",
        "addr:street": "2a Avenida",
        "amenity": "clinic",
        "healthcare": "clinic",
        "name": "Consultorio Médico",
        "source": "KG Ground Survey 2016"
      },
      "geometry": {
        "type": "Point",
        "coordinates": [
          -89.0548439,
          13.7386685
        ]
      },
      "id": "node/4033279120"
    },
    {
      "type": "Feature",
      "properties": {
        "@id": "node/4033946230",
        "amenity": "clinic",
        "fixme": "yes",
        "name": "Unidad de Salud La Presita",
        "note": "please verify location",
        "source": "Centro Nacional de Registros"
      },
      "geometry": {
        "type": "Point",
        "coordinates": [
          -88.1637757,
          13.467629
        ]
      },
      "id": "node/4033946230"
    },
    {
      "type": "Feature",
      "properties": {
        "@id": "node/4033951128",
        "amenity": "hospital",
        "fixme": "yes",
        "name": "Unidad Médica ISSS",
        "note": "please verify location",
        "source": "Centro Nacional de Registros"
      },
      "geometry": {
        "type": "Point",
        "coordinates": [
          -88.1828448,
          13.4718644
        ]
      },
      "id": "node/4033951128"
    },
    {
      "type": "Feature",
      "properties": {
        "@id": "node/4035687882",
        "amenity": "clinic",
        "name": "Unidad de Salud",
        "source": "Centro Nacional de Registros"
      },
      "geometry": {
        "type": "Point",
        "coordinates": [
          -88.4500554,
          13.5957022
        ]
      },
      "id": "node/4035687882"
    },
    {
      "type": "Feature",
      "properties": {
        "@id": "node/4035719727",
        "amenity": "clinic",
        "name": "Unidad de Salud",
        "source": "Centro Nacional de Registros"
      },
      "geometry": {
        "type": "Point",
        "coordinates": [
          -88.126272,
          13.7675416
        ]
      },
      "id": "node/4035719727"
    },
    {
      "type": "Feature",
      "properties": {
        "@id": "node/4035752443",
        "amenity": "clinic",
        "name": "Unidad de Salud",
        "source": "Centro Nacional de Registros"
      },
      "geometry": {
        "type": "Point",
        "coordinates": [
          -88.067924,
          13.5289987
        ]
      },
      "id": "node/4035752443"
    },
    {
      "type": "Feature",
      "properties": {
        "@id": "node/4039023143",
        "amenity": "clinic",
        "healthcare": "clinic",
        "name": "Unidad de Salud",
        "operator": "Ministerio de Salud",
        "operator:short": "MINSAL",
        "operator:type": "government",
        "operator:wikidata": "Q50037290",
        "source": "Alcaldia de Santa Ana"
      },
      "geometry": {
        "type": "Point",
        "coordinates": [
          -89.5483079,
          13.9859691
        ]
      },
      "id": "node/4039023143"
    },
    {
      "type": "Feature",
      "properties": {
        "@id": "node/4039077001",
        "amenity": "clinic",
        "healthcare": "clinic",
        "name": "Unidad de Salud Barrio San Miguelito",
        "operator": "Ministerio de Salud",
        "operator:short": "MINSAL",
        "operator:type": "government",
        "operator:wikidata": "Q50037290",
        "source": "Alcaldia de Santa Ana"
      },
      "geometry": {
        "type": "Point",
        "coordinates": [
          -89.5527013,
          13.9820546
        ]
      },
      "id": "node/4039077001"
    },
    {
      "type": "Feature",
      "properties": {
        "@id": "node/4039099453",
        "addr:city": "Metapán",
        "addr:street": "2a Calle Oriente",
        "amenity": "clinic",
        "healthcare": "clinic",
        "name": "Clínica Pediátrica",
        "source": "KG Ground Survey 2016"
      },
      "geometry": {
        "type": "Point",
        "coordinates": [
          -89.4432206,
          14.330812
        ]
      },
      "id": "node/4039099453"
    },
    {
      "type": "Feature",
      "properties": {
        "@id": "node/4039271194",
        "addr:city": "Metapán",
        "addr:street": "2a Calle Oriente",
        "amenity": "clinic",
        "name": "Ultrasonografia",
        "source": "KG Ground Survey 2016"
      },
      "geometry": {
        "type": "Point",
        "coordinates": [
          -89.4430848,
          14.3306656
        ]
      },
      "id": "node/4039271194"
    },
    {
      "type": "Feature",
      "properties": {
        "@id": "node/4072664247",
        "addr:city": "San Sebastian Salitrillo",
        "amenity": "hospital",
        "name": "Unidad de Salúd"
      },
      "geometry": {
        "type": "Point",
        "coordinates": [
          -89.6343178,
          13.9667512
        ]
      },
      "id": "node/4072664247"
    },
    {
      "type": "Feature",
      "properties": {
        "@id": "node/4084402565",
        "amenity": "clinic",
        "healthcare": "clinic",
        "name": "Unidad de Salud",
        "operator": "Ministerio de Salud",
        "operator:short": "MINSAL",
        "operator:type": "government",
        "operator:wikidata": "Q50037290"
      },
      "geometry": {
        "type": "Point",
        "coordinates": [
          -89.3724734,
          13.7871422
        ]
      },
      "id": "node/4084402565"
    },
    {
      "type": "Feature",
      "properties": {
        "@id": "node/4098024175",
        "addr:city": "Tecoluca",
        "amenity": "clinic",
        "name": "Unidad de Salud"
      },
      "geometry": {
        "type": "Point",
        "coordinates": [
          -88.7807217,
          13.5411033
        ]
      },
      "id": "node/4098024175"
    },
    {
      "type": "Feature",
      "properties": {
        "@id": "node/4129248326",
        "addr:city": "Meanguera del Golfo",
        "amenity": "hospital",
        "name": "Unidad de Salud"
      },
      "geometry": {
        "type": "Point",
        "coordinates": [
          -87.6960319,
          13.1775224
        ]
      },
      "id": "node/4129248326"
    },
    {
      "type": "Feature",
      "properties": {
        "@id": "node/4129248327",
        "addr:city": "Meanguera del Golfo",
        "amenity": "hospital",
        "name": "Unidad de Salud"
      },
      "geometry": {
        "type": "Point",
        "coordinates": [
          -87.696161,
          13.1773156
        ]
      },
      "id": "node/4129248327"
    },
    {
      "type": "Feature",
      "properties": {
        "@id": "node/4144981389",
        "addr:housenumber": "11111",
        "addr:street": "3 Calle Poniente",
        "amenity": "doctors",
        "name": "Gastroclinica"
      },
      "geometry": {
        "type": "Point",
        "coordinates": [
          -89.2482642,
          13.7046427
        ]
      },
      "id": "node/4144981389"
    },
    {
      "type": "Feature",
      "properties": {
        "@id": "node/4194539089",
        "addr:city": "Santa Ana",
        "addr:street": "1 Avenida Sur",
        "amenity": "hospital",
        "name": "Cruz Roja Salvadoreña"
      },
      "geometry": {
        "type": "Point",
        "coordinates": [
          -89.5565094,
          13.9929151
        ]
      },
      "id": "node/4194539089"
    },
    {
      "type": "Feature",
      "properties": {
        "@id": "node/4231071906",
        "amenity": "clinic",
        "name": "isbm"
      },
      "geometry": {
        "type": "Point",
        "coordinates": [
          -89.2729952,
          13.8339597
        ]
      },
      "id": "node/4231071906"
    },
    {
      "type": "Feature",
      "properties": {
        "@id": "node/4231085594",
        "amenity": "clinic",
        "name": "clinica isbm"
      },
      "geometry": {
        "type": "Point",
        "coordinates": [
          -89.3610515,
          13.7297414
        ]
      },
      "id": "node/4231085594"
    },
    {
      "type": "Feature",
      "properties": {
        "@id": "node/4236398389",
        "amenity": "clinic",
        "name": "Unidad de Salud Santo Tomas"
      },
      "geometry": {
        "type": "Point",
        "coordinates": [
          -89.142135,
          13.6470855
        ]
      },
      "id": "node/4236398389"
    },
    {
      "type": "Feature",
      "properties": {
        "@id": "node/4236618390",
        "amenity": "hospital",
        "name": "Centro Medico SHALOM"
      },
      "geometry": {
        "type": "Point",
        "coordinates": [
          -89.1232837,
          13.6365566
        ]
      },
      "id": "node/4236618390"
    },
    {
      "type": "Feature",
      "properties": {
        "@id": "node/4238749389",
        "amenity": "clinic",
        "healthcare": "clinic",
        "name": "isbm"
      },
      "geometry": {
        "type": "Point",
        "coordinates": [
          -89.3558678,
          13.8755588
        ]
      },
      "id": "node/4238749389"
    },
    {
      "type": "Feature",
      "properties": {
        "@id": "node/4247184793",
        "amenity": "clinic",
        "healthcare": "clinic",
        "name": "Clínica ISBM Metapán"
      },
      "geometry": {
        "type": "Point",
        "coordinates": [
          -89.4443733,
          14.32657
        ]
      },
      "id": "node/4247184793"
    },
    {
      "type": "Feature",
      "properties": {
        "@id": "node/4255136490",
        "addr:street": "Calle El Progreso",
        "amenity": "clinic",
        "name": "Clínica El Hermano de Asís"
      },
      "geometry": {
        "type": "Point",
        "coordinates": [
          -89.1870631,
          13.7315628
        ]
      },
      "id": "node/4255136490"
    },
    {
      "type": "Feature",
      "properties": {
        "@id": "node/4279673689",
        "amenity": "clinic",
        "name": "Clínica y Laboratorio Profamilia Miralvalle"
      },
      "geometry": {
        "type": "Point",
        "coordinates": [
          -89.222418,
          13.7192333
        ]
      },
      "id": "node/4279673689"
    },
    {
      "type": "Feature",
      "properties": {
        "@id": "node/4317174888",
        "amenity": "clinic",
        "name": "CAIPES Clinic",
        "opening_hours": "08:00-16:00"
      },
      "geometry": {
        "type": "Point",
        "coordinates": [
          -88.0424141,
          13.795529
        ]
      },
      "id": "node/4317174888"
    },
    {
      "type": "Feature",
      "properties": {
        "@id": "node/4331190894",
        "amenity": "clinic",
        "name": "Clínica Comunal I.S.S.S. Amatecpec"
      },
      "geometry": {
        "type": "Point",
        "coordinates": [
          -89.1639564,
          13.6979512
        ]
      },
      "id": "node/4331190894"
    },
    {
      "type": "Feature",
      "properties": {
        "@id": "node/4342021056",
        "addr:street": "Calle Circunvalación",
        "amenity": "hospital",
        "name": "Unidad de Salud Colonia Santa Lucia"
      },
      "geometry": {
        "type": "Point",
        "coordinates": [
          -89.1337796,
          13.6852248
        ]
      },
      "id": "node/4342021056"
    },
    {
      "type": "Feature",
      "properties": {
        "@id": "node/4351283690",
        "addr:housenumber": "4310",
        "addr:street": "3 Calle Poniente",
        "amenity": "clinic",
        "healthcare": "clinic",
        "name": "Clínica Dr López Ramos",
        "phone": "25646367"
      },
      "geometry": {
        "type": "Point",
        "coordinates": [
          -89.2391292,
          13.7049661
        ]
      },
      "id": "node/4351283690"
    },
    {
      "type": "Feature",
      "properties": {
        "@id": "node/4363772912",
        "amenity": "hospital",
        "name": "Unidad de Salud"
      },
      "geometry": {
        "type": "Point",
        "coordinates": [
          -89.3529889,
          14.2076344
        ]
      },
      "id": "node/4363772912"
    },
    {
      "type": "Feature",
      "properties": {
        "@id": "node/4381675651",
        "amenity": "clinic",
        "healthcare": "clinic",
        "name": "Unidad de Salud Cantón Huisquil"
      },
      "geometry": {
        "type": "Point",
        "coordinates": [
          -87.8593447,
          13.3499923
        ]
      },
      "id": "node/4381675651"
    },
    {
      "type": "Feature",
      "properties": {
        "@id": "node/4382639748",
        "addr:city": "La Unión",
        "addr:street": "Avenida General Cabaces Sur",
        "amenity": "clinic",
        "name": "Clínica Medica San Jorge"
      },
      "geometry": {
        "type": "Point",
        "coordinates": [
          -87.8433012,
          13.3380019
        ]
      },
      "id": "node/4382639748"
    },
    {
      "type": "Feature",
      "properties": {
        "@id": "node/4425902060",
        "amenity": "clinic",
        "name": "Unidad de Salud Ingeniero Javier Estrada"
      },
      "geometry": {
        "type": "Point",
        "coordinates": [
          -90.0874056,
          13.7502545
        ]
      },
      "id": "node/4425902060"
    },
    {
      "type": "Feature",
      "properties": {
        "@id": "node/4441309147",
        "amenity": "hospital",
        "name": "ISSS Monserrat"
      },
      "geometry": {
        "type": "Point",
        "coordinates": [
          -89.2106029,
          13.6867511
        ]
      },
      "id": "node/4441309147"
    },
    {
      "type": "Feature",
      "properties": {
        "@id": "node/4446729548",
        "addr:city": "Olocuilta",
        "amenity": "hospital",
        "name": "Unidad de Salud"
      },
      "geometry": {
        "type": "Point",
        "coordinates": [
          -89.1178576,
          13.5679965
        ]
      },
      "id": "node/4446729548"
    },
    {
      "type": "Feature",
      "properties": {
        "@id": "node/4457977504",
        "addr:housenumber": "21",
        "addr:street": "23 Calle Poniente",
        "amenity": "clinic",
        "internet_access": "wlan",
        "name": "Clínica de Especialidades Médicas (CLEMED)",
        "name:en": "Clinic of Medical Specialities",
        "opening_hours": "Mo-Fr 08:30-06:30; Sa 08:30-01:30",
        "phone": "24406311"
      },
      "geometry": {
        "type": "Point",
        "coordinates": [
          -89.5625357,
          13.9840406
        ]
      },
      "id": "node/4457977504"
    },
    {
      "type": "Feature",
      "properties": {
        "@id": "node/4528495990",
        "amenity": "clinic",
        "name": "Unidad de Salud"
      },
      "geometry": {
        "type": "Point",
        "coordinates": [
          -89.1715705,
          13.7243301
        ]
      },
      "id": "node/4528495990"
    },
    {
      "type": "Feature",
      "properties": {
        "@id": "node/4574049866",
        "amenity": "clinic",
        "name": "Clínica San Francisco"
      },
      "geometry": {
        "type": "Point",
        "coordinates": [
          -89.8491657,
          13.9205018
        ]
      },
      "id": "node/4574049866"
    },
    {
      "type": "Feature",
      "properties": {
        "@id": "node/4574054368",
        "amenity": "clinic",
        "healthcare": "clinic",
        "name": "Clínica Dental y Ortodoncia"
      },
      "geometry": {
        "type": "Point",
        "coordinates": [
          -89.8494738,
          13.9206107
        ]
      },
      "id": "node/4574054368"
    },
    {
      "type": "Feature",
      "properties": {
        "@id": "node/4574082024",
        "amenity": "clinic",
        "name": "Clínica Dental"
      },
      "geometry": {
        "type": "Point",
        "coordinates": [
          -89.8478919,
          13.9238537
        ]
      },
      "id": "node/4574082024"
    },
    {
      "type": "Feature",
      "properties": {
        "@id": "node/4574082025",
        "amenity": "clinic",
        "name": "Clínica Dental"
      },
      "geometry": {
        "type": "Point",
        "coordinates": [
          -89.847592,
          13.9237817
        ]
      },
      "id": "node/4574082025"
    },
    {
      "type": "Feature",
      "properties": {
        "@id": "node/4693010792",
        "addr:street": "Calle Dr. Federico Penado",
        "amenity": "clinic",
        "name": "Unidad Renal Nefromeds",
        "name:en": "Unidad Renal Nefromeds",
        "name:es": "Unidad Renal Nefromeds"
      },
      "geometry": {
        "type": "Point",
        "coordinates": [
          -88.441685,
          13.3447093
        ]
      },
      "id": "node/4693010792"
    },
    {
      "type": "Feature",
      "properties": {
        "@id": "node/4693010793",
        "amenity": "clinic",
        "name": "Promotora de salud",
        "name:en": "Promotora de salud",
        "name:es": "Promotora de salud"
      },
      "geometry": {
        "type": "Point",
        "coordinates": [
          -89.0145908,
          13.4560357
        ]
      },
      "id": "node/4693010793"
    },
    {
      "type": "Feature",
      "properties": {
        "@id": "node/4693018490",
        "addr:street": "Calle Dr. Federico Penado",
        "amenity": "clinic",
        "name": "MEDICENTER SPORT",
        "name:en": "MEDICENTER SPORT",
        "name:es": "MEDICENTER SPORT",
        "opening_hours": "Mo-Fr 08:00-17:00; Sa 08:00-12:00",
        "phone": "72805567"
      },
      "geometry": {
        "type": "Point",
        "coordinates": [
          -88.4416577,
          13.3447072
        ]
      },
      "id": "node/4693018490"
    },
    {
      "type": "Feature",
      "properties": {
        "@id": "node/4775057927",
        "amenity": "hospital",
        "name": "Hospital de Especialidades Santa Rosa de Lima",
        "name:es": "Hospital de Especialidades Santa Rosa de Lima"
      },
      "geometry": {
        "type": "Point",
        "coordinates": [
          -87.8940705,
          13.6229267
        ]
      },
      "id": "node/4775057927"
    },
    {
      "type": "Feature",
      "properties": {
        "@id": "node/4883994521",
        "amenity": "clinic",
        "name": "Unidad de Salud de San Marcos",
        "name:en": "Unidad de Salud de San Marcos",
        "name:es": "Unidad de Salud de San Marcos"
      },
      "geometry": {
        "type": "Point",
        "coordinates": [
          -89.166542,
          13.65394
        ]
      },
      "id": "node/4883994521"
    },
    {
      "type": "Feature",
      "properties": {
        "@id": "node/4904550745",
        "amenity": "clinic",
        "name": "Clínica Medica Ultra Sonografica"
      },
      "geometry": {
        "type": "Point",
        "coordinates": [
          -89.2912327,
          14.1265882
        ]
      },
      "id": "node/4904550745"
    },
    {
      "type": "Feature",
      "properties": {
        "@id": "node/4904550746",
        "amenity": "clinic",
        "name": "Centro Medico La Esperanza"
      },
      "geometry": {
        "type": "Point",
        "coordinates": [
          -89.2944363,
          14.1273057
        ]
      },
      "id": "node/4904550746"
    },
    {
      "type": "Feature",
      "properties": {
        "@id": "node/4904550747",
        "amenity": "clinic",
        "name": "Clínica de Especialidades Medico Quirurjico Shalom"
      },
      "geometry": {
        "type": "Point",
        "coordinates": [
          -89.2928713,
          14.1267391
        ]
      },
      "id": "node/4904550747"
    },
    {
      "type": "Feature",
      "properties": {
        "@id": "node/4921453722",
        "addr:housenumber": "entre 89 y 91",
        "addr:street": "9 Calle Poniente",
        "amenity": "clinic",
        "name": "Centro Oftalmo Plastico",
        "name:en": "Ophthalmo Plastic Center",
        "name:es": "Centro Oftalmo Plastico"
      },
      "geometry": {
        "type": "Point",
        "coordinates": [
          -89.2425117,
          13.7079249
        ]
      },
      "id": "node/4921453722"
    },
    {
      "type": "Feature",
      "properties": {
        "@id": "node/4959276694",
        "amenity": "clinic",
        "healthcare": "clinic",
        "name": "Unidad de Salud",
        "operator": "Ministerio de Salud",
        "operator:short": "MINSAL",
        "operator:type": "government",
        "operator:wikidata": "Q50037290"
      },
      "geometry": {
        "type": "Point",
        "coordinates": [
          -88.9227234,
          13.5012659
        ]
      },
      "id": "node/4959276694"
    },
    {
      "type": "Feature",
      "properties": {
        "@id": "node/4962038626",
        "addr:city": "San Rafael Obrajuelos",
        "amenity": "doctors",
        "healthcare": "doctor",
        "healthcare:speciality": "paediatrics",
        "name": "Médico Pediatra"
      },
      "geometry": {
        "type": "Point",
        "coordinates": [
          -88.9225091,
          13.5019074
        ]
      },
      "id": "node/4962038626"
    },
    {
      "type": "Feature",
      "properties": {
        "@id": "node/5216769528",
        "addr:city": "San Vicente",
        "addr:street": "4a Calle Poniente/Calle General Indalecio Miranda",
        "amenity": "clinic",
        "healthcare": "clinic",
        "healthcare:speciality": "general",
        "name": "KatherLab"
      },
      "geometry": {
        "type": "Point",
        "coordinates": [
          -88.7851365,
          13.642101
        ]
      },
      "id": "node/5216769528"
    },
    {
      "type": "Feature",
      "properties": {
        "@id": "node/5216784308",
        "addr:city": "San Vicente",
        "addr:street": "2a Avenida Sur/Avenida Victoriano Rodríguez",
        "amenity": "clinic",
        "description": "Clínica Integral",
        "healthcare": "clinic",
        "healthcare:speciality": "general;internal",
        "name": "Clínica Medica Mordagiss",
        "opening_hours": "Mo-Sa 08:00-18:00"
      },
      "geometry": {
        "type": "Point",
        "coordinates": [
          -88.784235,
          13.6423061
        ]
      },
      "id": "node/5216784308"
    },
    {
      "type": "Feature",
      "properties": {
        "@id": "node/5217631522",
        "addr:housenumber": "#7B",
        "addr:postcode": "0000",
        "addr:street": "3a Avenida Norte",
        "amenity": "doctors",
        "email": "ernesto@miclinica.me",
        "healthcare": "doctor",
        "healthcare:speciality": "general",
        "internet_access": "wlan",
        "name": "miCLÍNICA",
        "opening_hours": "Mo-Fr 08:00-16:00; Sa 08:00-12:00",
        "phone": "61558007",
        "website": "https://miclinica.me/"
      },
      "geometry": {
        "type": "Point",
        "coordinates": [
          -89.3227597,
          13.4873879
        ]
      },
      "id": "node/5217631522"
    },
    {
      "type": "Feature",
      "properties": {
        "@id": "node/5258363543",
        "addr:city": "San Salvador",
        "addr:street": "23 Avenida Norte",
        "amenity": "clinic",
        "healthcare": "clinic",
        "healthcare:speciality": "gastroenterology",
        "name": "Gastroclínica Colonia Médica"
      },
      "geometry": {
        "type": "Point",
        "coordinates": [
          -89.2023583,
          13.7109295
        ]
      },
      "id": "node/5258363543"
    },
    {
      "type": "Feature",
      "properties": {
        "@id": "node/5258383945",
        "addr:city": "San Salvador",
        "addr:street": "Diagonal 2",
        "amenity": "clinic",
        "healthcare": "clinic",
        "name": "Tecnolab Laboratorio Clínico"
      },
      "geometry": {
        "type": "Point",
        "coordinates": [
          -89.20147,
          13.7087835
        ]
      },
      "id": "node/5258383945"
    },
    {
      "type": "Feature",
      "properties": {
        "@id": "node/5368595423",
        "amenity": "doctors",
        "name": "Comandos de Salvamento de Ciudad Arce"
      },
      "geometry": {
        "type": "Point",
        "coordinates": [
          -89.4458648,
          13.8423474
        ]
      },
      "id": "node/5368595423"
    },
    {
      "type": "Feature",
      "properties": {
        "@id": "node/5427550724",
        "addr:street": "Calle a Puerto Parada",
        "amenity": "clinic",
        "healthcare": "clinic",
        "name": "Unidad de Salud Puerto Parada",
        "name:en": "Clínic Puerto Parada",
        "opening_hours": "Mo-Fr 07:00-11:00, 12:00-16:00"
      },
      "geometry": {
        "type": "Point",
        "coordinates": [
          -88.438863,
          13.2528889
        ]
      },
      "id": "node/5427550724"
    },
    {
      "type": "Feature",
      "properties": {
        "@id": "node/5489138921",
        "addr:street": "16 Avenida Sur",
        "amenity": "clinic",
        "name": "Clínica Médica Diagnóstica"
      },
      "geometry": {
        "type": "Point",
        "coordinates": [
          -89.2971538,
          13.6736253
        ]
      },
      "id": "node/5489138921"
    },
    {
      "type": "Feature",
      "properties": {
        "@id": "node/5584865021",
        "addr:housenumber": "4406",
        "amenity": "clinic",
        "healthcare": "clinic",
        "name": "Laboratorio Clinico Escalon"
      },
      "geometry": {
        "type": "Point",
        "coordinates": [
          -89.2399086,
          13.7039348
        ]
      },
      "id": "node/5584865021"
    },
    {
      "type": "Feature",
      "properties": {
        "@id": "node/5682288022",
        "addr:housenumber": "1311",
        "amenity": "doctors",
        "healthcare": "doctor",
        "name": "Policlinico Medico Central",
        "phone": "22257597"
      },
      "geometry": {
        "type": "Point",
        "coordinates": [
          -89.20288,
          13.7106233
        ]
      },
      "id": "node/5682288022"
    },
    {
      "type": "Feature",
      "properties": {
        "@id": "node/5732744423",
        "amenity": "clinic",
        "name": "Clínica 5110"
      },
      "geometry": {
        "type": "Point",
        "coordinates": [
          -89.2461221,
          13.704158
        ]
      },
      "id": "node/5732744423"
    },
    {
      "type": "Feature",
      "properties": {
        "@id": "node/5784268553",
        "amenity": "doctors",
        "healthcare": "doctor",
        "name": "Clínica Médica Familiar"
      },
      "geometry": {
        "type": "Point",
        "coordinates": [
          -89.8454223,
          13.7462889
        ]
      },
      "id": "node/5784268553"
    },
    {
      "type": "Feature",
      "properties": {
        "@id": "node/5787686369",
        "amenity": "hospital",
        "healthcare": "hospital",
        "name": "Hospital de Especialidades Metropol",
        "operator": "Ministerio de Salud",
        "operator:short": "MINSAL",
        "operator:type": "government",
        "operator:wikidata": "Q50037290"
      },
      "geometry": {
        "type": "Point",
        "coordinates": [
          -88.4394691,
          13.3458258
        ]
      },
      "id": "node/5787686369"
    },
    {
      "type": "Feature",
      "properties": {
        "@id": "node/5808110454",
        "amenity": "clinic",
        "name": "Policlínica de ojos"
      },
      "geometry": {
        "type": "Point",
        "coordinates": [
          -89.2358378,
          13.708321
        ]
      },
      "id": "node/5808110454"
    },
    {
      "type": "Feature",
      "properties": {
        "@id": "node/5879973979",
        "addr:city": "San Francisco Lempa",
        "amenity": "clinic",
        "healthcare": "clinic",
        "name": "Unidad de Salúd"
      },
      "geometry": {
        "type": "Point",
        "coordinates": [
          -88.9990673,
          13.973302
        ]
      },
      "id": "node/5879973979"
    },
    {
      "type": "Feature",
      "properties": {
        "@id": "node/6049281619",
        "addr:city": "Santa Tecla",
        "addr:street": "7ª Avenida Norte",
        "amenity": "hospital",
        "healthcare": "hospital",
        "name": "Farmacia Camila"
      },
      "geometry": {
        "type": "Point",
        "coordinates": [
          -89.2836661,
          13.6764995
        ]
      },
      "id": "node/6049281619"
    },
    {
      "type": "Feature",
      "properties": {
        "@id": "node/6286479518",
        "amenity": "doctors",
        "healthcare": "doctor",
        "healthcare:speciality": "dentist;paediatrics",
        "name": "Claudia Urrutia"
      },
      "geometry": {
        "type": "Point",
        "coordinates": [
          -89.239144,
          13.7003292
        ]
      },
      "id": "node/6286479518"
    },
    {
      "type": "Feature",
      "properties": {
        "@id": "node/6340276686",
        "addr:city": "San Ramón",
        "addr:street": "La Ronda",
        "amenity": "clinic",
        "name": "UCSF San Ramón",
        "opening_hours": "Mo-Fr 07:30-15:29",
        "phone": "+50323798056"
      },
      "geometry": {
        "type": "Point",
        "coordinates": [
          -88.9271735,
          13.6839188
        ]
      },
      "id": "node/6340276686"
    },
    {
      "type": "Feature",
      "properties": {
        "@id": "node/6340464889",
        "amenity": "clinic",
        "name": "Cruz Roja Salvadoreña Seccional Cojutepeque",
        "phone": "+50323720449"
      },
      "geometry": {
        "type": "Point",
        "coordinates": [
          -88.9400073,
          13.7249161
        ]
      },
      "id": "node/6340464889"
    },
    {
      "type": "Feature",
      "properties": {
        "@id": "node/6760502429",
        "addr:city": "San Salvador",
        "addr:housenumber": "A22",
        "addr:street": "Paseo General Escalón",
        "amenity": "clinic",
        "healthcare": "clinic",
        "healthcare:speciality": "aesthetic;general",
        "name": "Dr. Mauricio Perdomo",
        "opening_hours": "Mo-Su 09:00-18:00",
        "operator": "Mauricio Perdomo",
        "operator:type": "private",
        "phone": "+503 78490498"
      },
      "geometry": {
        "type": "Point",
        "coordinates": [
          -89.2454545,
          13.7028388
        ]
      },
      "id": "node/6760502429"
    },
    {
      "type": "Feature",
      "properties": {
        "@id": "node/6775076986",
        "amenity": "hospital",
        "healthcare": "hospital",
        "name": "Centro Médico La Palma"
      },
      "geometry": {
        "type": "Point",
        "coordinates": [
          -89.1714217,
          14.3181843
        ]
      },
      "id": "node/6775076986"
    },
    {
      "type": "Feature",
      "properties": {
        "@id": "node/6777940386",
        "amenity": "clinic",
        "name": "Granadilla La Palma"
      },
      "geometry": {
        "type": "Point",
        "coordinates": [
          -89.0920045,
          14.3560439
        ]
      },
      "id": "node/6777940386"
    },
    {
      "type": "Feature",
      "properties": {
        "@id": "node/6901156582",
        "addr:city": "Monte San Juan",
        "amenity": "clinic",
        "healthcare": "clinic",
        "name": "UCSF Monte San Juan"
      },
      "geometry": {
        "type": "Point",
        "coordinates": [
          -88.9506613,
          13.7618991
        ]
      },
      "id": "node/6901156582"
    },
    {
      "type": "Feature",
      "properties": {
        "@id": "node/6916841199",
        "addr:city": "Cacaopera",
        "addr:street": "Avenida Las Victorias",
        "amenity": "clinic",
        "healthcare": "clinic",
        "name": "UCSF Cacaopera",
        "operator": "MINSAL"
      },
      "geometry": {
        "type": "Point",
        "coordinates": [
          -88.0823146,
          13.7749276
        ]
      },
      "id": "node/6916841199"
    },
    {
      "type": "Feature",
      "properties": {
        "@id": "node/6917198714",
        "amenity": "clinic",
        "healthcare": "clinic",
        "name": "Clinica Parroquial San Rafael Arcangel"
      },
      "geometry": {
        "type": "Point",
        "coordinates": [
          -88.9235691,
          13.5046716
        ]
      },
      "id": "node/6917198714"
    },
    {
      "type": "Feature",
      "properties": {
        "@id": "node/6935313808",
        "addr:street": "Calle Principal",
        "amenity": "clinic",
        "healthcare": "clinic",
        "name": "Unidad de Salud"
      },
      "geometry": {
        "type": "Point",
        "coordinates": [
          -88.9254962,
          13.6197922
        ]
      },
      "id": "node/6935313808"
    },
    {
      "type": "Feature",
      "properties": {
        "@id": "node/6935896475",
        "addr:city": "San Alejo",
        "addr:street": "6a Calle Poniente",
        "amenity": "clinic",
        "healthcare": "clinic",
        "healthcare:speciality": "internal;paediatrics;gynaecology;physiotherapy;emergency",
        "name": "Unidad de Salud",
        "opening_hours": "Mo-Fr 07:30-15:30",
        "operator": "Ministerio de Salud",
        "operator:type": "public"
      },
      "geometry": {
        "type": "Point",
        "coordinates": [
          -87.9604061,
          13.4289845
        ]
      },
      "id": "node/6935896475"
    },
    {
      "type": "Feature",
      "properties": {
        "@id": "node/6935977500",
        "addr:city": "Yucuaiquín",
        "amenity": "clinic",
        "healthcare": "clinic",
        "name": "Unidad de Salud"
      },
      "geometry": {
        "type": "Point",
        "coordinates": [
          -88.0016585,
          13.5502122
        ]
      },
      "id": "node/6935977500"
    },
    {
      "type": "Feature",
      "properties": {
        "@id": "node/6948769130",
        "addr:city": "El Paisnal",
        "amenity": "clinic",
        "healthcare": "clinic",
        "name": "Unidad de Salud"
      },
      "geometry": {
        "type": "Point",
        "coordinates": [
          -89.2185547,
          13.9720692
        ]
      },
      "id": "node/6948769130"
    },
    {
      "type": "Feature",
      "properties": {
        "@id": "node/6990026816",
        "addr:city": "San Agustín",
        "amenity": "clinic",
        "healthcare": "clinic",
        "name": "Unidad de Salud"
      },
      "geometry": {
        "type": "Point",
        "coordinates": [
          -88.5926342,
          13.4324547
        ]
      },
      "id": "node/6990026816"
    },
    {
      "type": "Feature",
      "properties": {
        "@id": "node/7150347658",
        "amenity": "hospital",
        "healthcare": "hospital",
        "healthcare:speciality": "general"
      },
      "geometry": {
        "type": "Point",
        "coordinates": [
          -89.1749634,
          14.3197488
        ]
      },
      "id": "node/7150347658"
    },
    {
      "type": "Feature",
      "properties": {
        "@id": "node/7223662570",
        "amenity": "clinic",
        "healthcare": "clinic",
        "healthcare:speciality": "general",
        "name": "Clinica El Mozote",
        "opening_hours": "Mo-Sa 08:00-18:00",
        "operator": "ministerio de salud",
        "operator:type": "government"
      },
      "geometry": {
        "type": "Point",
        "coordinates": [
          -88.1144685,
          13.8988504
        ]
      },
      "id": "node/7223662570"
    },
    {
      "type": "Feature",
      "properties": {
        "@id": "node/7270549849",
        "amenity": "hospital",
        "healthcare": "hospital",
        "name": "Comunal"
      },
      "geometry": {
        "type": "Point",
        "coordinates": [
          -89.2302833,
          13.8128924
        ]
      },
      "id": "node/7270549849"
    },
    {
      "type": "Feature",
      "properties": {
        "@id": "node/7870634452",
        "addr:city": "San Salvador",
        "addr:housenumber": "122-B",
        "addr:street": "Avenida Alberto Masferrer",
        "air_conditioning": "yes",
        "amenity": "clinic",
        "healthcare": "clinic",
        "healthcare:speciality": "physiotherapy;sthetic",
        "name": "Physiosthetic",
        "opening_hours": "Mo-Sa 08:00-20:00",
        "payment:cash": "yes",
        "payment:credit_cards": "yes",
        "payment:visa": "yes",
        "phone": "+503 2527-3376",
        "wifi": "yes"
      },
      "geometry": {
        "type": "Point",
        "coordinates": [
          -89.2489792,
          13.7046317
        ]
      },
      "id": "node/7870634452"
    },
    {
      "type": "Feature",
      "properties": {
        "@id": "node/7935411967",
        "amenity": "clinic",
        "healthcare": "clinic"
      },
      "geometry": {
        "type": "Point",
        "coordinates": [
          -88.0905386,
          13.7245699
        ]
      },
      "id": "node/7935411967"
    },
    {
      "type": "Feature",
      "properties": {
        "@id": "node/8038414002",
        "amenity": "doctors",
        "healthcare": "doctor"
      },
      "geometry": {
        "type": "Point",
        "coordinates": [
          -88.1278297,
          13.5769823
        ]
      },
      "id": "node/8038414002"
    },
    {
      "type": "Feature",
      "properties": {
        "@id": "node/8048941280",
        "amenity": "clinic",
        "contact:facebook": "https://www.facebook.com/clisadi",
        "healthcare:speciality": "gastroenterology",
        "name": "Clínica de Salud Digestiva San Antonio"
      },
      "geometry": {
        "type": "Point",
        "coordinates": [
          -89.1712624,
          14.3171692
        ]
      },
      "id": "node/8048941280"
    },
    {
      "type": "Feature",
      "properties": {
        "@id": "node/8406775563",
        "addr:city": "Colonia Ciudad Pacífica, San Miguel, El Salvador",
        "addr:street": "Calle Santiago José Celis",
        "amenity": "hospital",
        "emergency": "yes",
        "healthcare": "hospital",
        "name": "Hospital Josefino Vilaseca",
        "phone": "+503 2670 0452"
      },
      "geometry": {
        "type": "Point",
        "coordinates": [
          -88.221433,
          13.4803204
        ]
      },
      "id": "node/8406775563"
    },
    {
      "type": "Feature",
      "properties": {
        "@id": "node/8450124231",
        "addr:housenumber": "109",
        "addr:street": "Pasaje 1",
        "amenity": "clinic",
        "name": "Arte y cosmética Dental"
      },
      "geometry": {
        "type": "Point",
        "coordinates": [
          -89.2106605,
          13.7153345
        ]
      },
      "id": "node/8450124231"
    },
    {
      "type": "Feature",
      "properties": {
        "@id": "node/8463933318",
        "addr:street": "Avenida España",
        "amenity": "clinic",
        "name": "Edificio Barcelona"
      },
      "geometry": {
        "type": "Point",
        "coordinates": [
          -89.1909998,
          13.7022532
        ]
      },
      "id": "node/8463933318"
    },
    {
      "type": "Feature",
      "properties": {
        "@id": "node/8530011131",
        "amenity": "clinic",
        "name": "Policlínica Central"
      },
      "geometry": {
        "type": "Point",
        "coordinates": [
          -89.0543389,
          13.7381897
        ]
      },
      "id": "node/8530011131"
    },
    {
      "type": "Feature",
      "properties": {
        "@id": "node/8677545817",
        "amenity": "doctors",
        "healthcare": "doctor",
        "name": "Olimpic plaza"
      },
      "geometry": {
        "type": "Point",
        "coordinates": [
          -89.2309229,
          13.7017122
        ]
      },
      "id": "node/8677545817"
    },
    {
      "type": "Feature",
      "properties": {
        "@id": "node/8765428321",
        "addr:street": "1a Avenida Sur",
        "amenity": "clinic",
        "name": "Unidad de salud",
        "name:es": "Unidad de salud Santa Elena",
        "phone": "26634060"
      },
      "geometry": {
        "type": "Point",
        "coordinates": [
          -88.4122261,
          13.3798269
        ]
      },
      "id": "node/8765428321"
    },
    {
      "type": "Feature",
      "properties": {
        "@id": "node/8765443017",
        "addr:street": "1a Avenida Sur",
        "amenity": "clinic",
        "name": "Centro de vacuna covid Santa Elena",
        "opening_hours": "Su-Fr 07:30-15:30",
        "phone": "26634060"
      },
      "geometry": {
        "type": "Point",
        "coordinates": [
          -88.4124664,
          13.3797819
        ]
      },
      "id": "node/8765443017"
    },
    {
      "type": "Feature",
      "properties": {
        "@id": "node/8805600117",
        "amenity": "clinic",
        "name": "Centro de cirugía especialidades"
      },
      "geometry": {
        "type": "Point",
        "coordinates": [
          -89.232299,
          13.7014213
        ]
      },
      "id": "node/8805600117"
    },
    {
      "type": "Feature",
      "properties": {
        "@id": "node/8810286308",
        "addr:city": "Ilobasco",
        "addr:postcode": "1204",
        "air_conditioning": "yes",
        "amenity": "hospital",
        "delivery": "yes",
        "healthcare": "hospital",
        "name": "La Bodeguita del Cerdito",
        "opening_hours": "Mo-Su 10:00-22:00",
        "phone": "7985-8780",
        "takeaway": "yes"
      },
      "geometry": {
        "type": "Point",
        "coordinates": [
          -88.8536543,
          13.8388081
        ]
      },
      "id": "node/8810286308"
    },
    {
      "type": "Feature",
      "properties": {
        "@id": "node/8819299349",
        "amenity": "clinic",
        "healthcare": "clinic",
        "healthcare:speciality": "general",
        "name": "UCSF QUEBRADAS",
        "operator": "MINSAL",
        "operator:type": "government"
      },
      "geometry": {
        "type": "Point",
        "coordinates": [
          -88.2334101,
          13.8029393
        ]
      },
      "id": "node/8819299349"
    },
    {
      "type": "Feature",
      "properties": {
        "@id": "node/8819299377",
        "amenity": "clinic",
        "healthcare": "clinic",
        "healthcare:speciality": "general",
        "name": "UCSF CARRIZAL",
        "operator": "MINSAL",
        "operator:type": "government"
      },
      "geometry": {
        "type": "Point",
        "coordinates": [
          -88.244094,
          13.798957
        ]
      },
      "id": "node/8819299377"
    },
    {
      "type": "Feature",
      "properties": {
        "@id": "node/8849627194",
        "amenity": "clinic",
        "healthcare": "clinic",
        "healthcare:speciality": "specialist_pediatrician",
        "name": "Clínica Pediátrica"
      },
      "geometry": {
        "type": "Point",
        "coordinates": [
          -89.2920273,
          13.6730868
        ]
      },
      "id": "node/8849627194"
    },
    {
      "type": "Feature",
      "properties": {
        "@id": "node/8974772317",
        "amenity": "clinic",
        "name": "Cruz Roja"
      },
      "geometry": {
        "type": "Point",
        "coordinates": [
          -89.1817991,
          13.8034588
        ]
      },
      "id": "node/8974772317"
    },
    {
      "type": "Feature",
      "properties": {
        "@id": "node/9044162274",
        "amenity": "clinic",
        "healthcare": "clinic",
        "name": "UCSF Candelaria CU"
      },
      "geometry": {
        "type": "Point",
        "coordinates": [
          -88.9723085,
          13.6904712
        ]
      },
      "id": "node/9044162274"
    },
    {
      "type": "Feature",
      "properties": {
        "@id": "node/9074175010",
        "amenity": "hospital",
        "healthcare": "hospital",
        "name": "Hospital La Divina Providencia"
      },
      "geometry": {
        "type": "Point",
        "coordinates": [
          -89.1202927,
          13.6473788
        ]
      },
      "id": "node/9074175010"
    },
    {
      "type": "Feature",
      "properties": {
        "@id": "node/9115322866",
        "amenity": "clinic",
        "healthcare": "clinic",
        "name": "UCSF GOTERA/CENTRO DE VACUNACION COVID",
        "operator": "MINSAL",
        "operator:type": "government"
      },
      "geometry": {
        "type": "Point",
        "coordinates": [
          -88.1054594,
          13.6977383
        ]
      },
      "id": "node/9115322866"
    },
    {
      "type": "Feature",
      "properties": {
        "@id": "node/9115322867",
        "amenity": "clinic",
        "healthcare": "clinic",
        "name": "CENTRO VACUNACION COVID-19",
        "opening_hours:covid19": "Mo-Sa 08:30-19:00",
        "operator": "MINSAL",
        "operator:type": "government"
      },
      "geometry": {
        "type": "Point",
        "coordinates": [
          -88.1014697,
          13.6974925
        ]
      },
      "id": "node/9115322867"
    },
    {
      "type": "Feature",
      "properties": {
        "@id": "node/9394996317",
        "amenity": "clinic",
        "name": "Centro de Salud Familiar"
      },
      "geometry": {
        "type": "Point",
        "coordinates": [
          -88.1795729,
          13.4819238
        ]
      },
      "id": "node/9394996317"
    },
    {
      "type": "Feature",
      "properties": {
        "@id": "node/9482314215",
        "addr:city": "Santa Ana",
        "addr:street": "5 Calle Oriente",
        "amenity": "clinic",
        "healthcare": "clinic",
        "name": "Médica Integral CIAMSA",
        "phone": "+503 7535 2819"
      },
      "geometry": {
        "type": "Point",
        "coordinates": [
          -89.5526203,
          13.9914587
        ]
      },
      "id": "node/9482314215"
    },
    {
      "type": "Feature",
      "properties": {
        "@id": "node/9482314217",
        "addr:city": "Santa Ana",
        "addr:housenumber": "11",
        "addr:street": "13a Avenida Sur",
        "amenity": "hospital",
        "currency:XBT": "yes",
        "healthcare": "hospital",
        "name": "Hospital JABES",
        "opening_hours": "24/7",
        "operator": "NAKA",
        "payment:lightning": "yes",
        "phone": "2441 1402",
        "survey:date": "2024-02-09"
      },
      "geometry": {
        "type": "Point",
        "coordinates": [
          -89.5522061,
          13.9911578
        ]
      },
      "id": "node/9482314217"
    },
    {
      "type": "Feature",
      "properties": {
        "@id": "node/9546640503",
        "amenity": "clinic",
        "healthcare": "clinic",
        "name": "Clínica Médica Costa"
      },
      "geometry": {
        "type": "Point",
        "coordinates": [
          -89.5516456,
          13.9987736
        ]
      },
      "id": "node/9546640503"
    },
    {
      "type": "Feature",
      "properties": {
        "@id": "node/9546640512",
        "addr:city": "Santa Ana",
        "amenity": "clinic",
        "healthcare": "clinic",
        "healthcare:speciality": "general;paediatrics;cytology;prenatal_care",
        "name": "Consultorio Médico Familiar Inmaculada María Auxiliadora"
      },
      "geometry": {
        "type": "Point",
        "coordinates": [
          -89.5516122,
          13.9989165
        ]
      },
      "id": "node/9546640512"
    },
    {
      "type": "Feature",
      "properties": {
        "@id": "node/9546640516",
        "addr:city": "Santa Ana",
        "amenity": "clinic",
        "healthcare": "clinic",
        "name": "Clínica Médica El Carmen"
      },
      "geometry": {
        "type": "Point",
        "coordinates": [
          -89.551589,
          13.9990121
        ]
      },
      "id": "node/9546640516"
    },
    {
      "type": "Feature",
      "properties": {
        "@id": "node/9546728317",
        "addr:city": "Santa Ana",
        "amenity": "clinic",
        "healthcare": "clinic",
        "name": "Clínica de Fisioterapia Mojica"
      },
      "geometry": {
        "type": "Point",
        "coordinates": [
          -89.5515953,
          13.9989879
        ]
      },
      "id": "node/9546728317"
    },
    {
      "type": "Feature",
      "properties": {
        "@id": "node/9690128617",
        "amenity": "clinic",
        "name": "Laboratorio Analiza",
        "name:en": "Laboratory Analiza",
        "name:fr": "Laboratoire Analiza"
      },
      "geometry": {
        "type": "Point",
        "coordinates": [
          -89.2460979,
          13.6800799
        ]
      },
      "id": "node/9690128617"
    },
    {
      "type": "Feature",
      "properties": {
        "@id": "node/9930117425",
        "amenity": "hospital",
        "healthcare": "hospital",
        "name": "Hospital de Niños Benjamin Bloom"
      },
      "geometry": {
        "type": "Point",
        "coordinates": [
          -89.2039403,
          13.7143739
        ]
      },
      "id": "node/9930117425"
    },
    {
      "type": "Feature",
      "properties": {
        "@id": "node/9947928518",
        "addr:housenumber": "3",
        "addr:street": "33 Calle Poniente",
        "amenity": "clinic",
        "name": "Clínica Odontológica"
      },
      "geometry": {
        "type": "Point",
        "coordinates": [
          -89.5616563,
          13.9794203
        ]
      },
      "id": "node/9947928518"
    },
    {
      "type": "Feature",
      "properties": {
        "@id": "node/9947951917",
        "addr:housenumber": "2 D",
        "addr:street": "87 Avenida Norte",
        "amenity": "clinic",
        "name": "Condominio Fountaine Blue"
      },
      "geometry": {
        "type": "Point",
        "coordinates": [
          -89.2407594,
          13.7071581
        ]
      },
      "id": "node/9947951917"
    },
    {
      "type": "Feature",
      "properties": {
        "@id": "node/9947952017",
        "addr:housenumber": "4640",
        "addr:street": "91 Avenida Norte",
        "amenity": "clinic",
        "name": "Clínica especialidades 20/20"
      },
      "geometry": {
        "type": "Point",
        "coordinates": [
          -89.2429762,
          13.7080295
        ]
      },
      "id": "node/9947952017"
    },
    {
      "type": "Feature",
      "properties": {
        "@id": "node/9947952118",
        "amenity": "clinic",
        "name": "Edificio 237"
      },
      "geometry": {
        "type": "Point",
        "coordinates": [
          -89.2372401,
          13.6915905
        ]
      },
      "id": "node/9947952118"
    },
    {
      "type": "Feature",
      "properties": {
        "@id": "node/9963368935",
        "addr:city": "san Ramón",
        "addr:street": "calle canton san Pablo",
        "amenity": "hospital",
        "healthcare": "hospital",
        "healthcare:speciality": "general",
        "name": "Casa de salud",
        "name:en": "House of health",
        "operator": "alcaldia",
        "operator:type": "public"
      },
      "geometry": {
        "type": "Point",
        "coordinates": [
          -88.9181225,
          13.7030603
        ]
      },
      "id": "node/9963368935"
    },
    {
      "type": "Feature",
      "properties": {
        "@id": "node/9970683668",
        "amenity": "hospital",
        "healthcare": "hospital"
      },
      "geometry": {
        "type": "Point",
        "coordinates": [
          -88.2684175,
          13.7673624
        ]
      },
      "id": "node/9970683668"
    },
    {
      "type": "Feature",
      "properties": {
        "@id": "node/9971161085",
        "amenity": "clinic",
        "healthcare": "clinic",
        "name": "Unidad de Salud de Guadalupe"
      },
      "geometry": {
        "type": "Point",
        "coordinates": [
          -88.8798814,
          13.622029
        ]
      },
      "id": "node/9971161085"
    },
    {
      "type": "Feature",
      "properties": {
        "@id": "node/9971203848",
        "amenity": "hospital",
        "healthcare": "hospital",
        "name": "Unidad de Salud de San Ildefonso"
      },
      "geometry": {
        "type": "Point",
        "coordinates": [
          -88.5630217,
          13.7054475
        ]
      },
      "id": "node/9971203848"
    },
    {
      "type": "Feature",
      "properties": {
        "@id": "node/9971208749",
        "amenity": "hospital",
        "healthcare": "hospital",
        "name": "Unidad de Salud de San Ildefonso"
      },
      "geometry": {
        "type": "Point",
        "coordinates": [
          -88.5629534,
          13.7054291
        ]
      },
      "id": "node/9971208749"
    },
    {
      "type": "Feature",
      "properties": {
        "@id": "node/9976280798",
        "amenity": "clinic",
        "healthcare": "clinic",
        "name": "ECO. Caserío Morro Grande."
      },
      "geometry": {
        "type": "Point",
        "coordinates": [
          -89.8407212,
          13.6912682
        ]
      },
      "id": "node/9976280798"
    },
    {
      "type": "Feature",
      "properties": {
        "@id": "node/9977371808",
        "amenity": "hospital",
        "healthcare": "hospital",
        "name": "Clinica FOSALUD Santa Bárbara"
      },
      "geometry": {
        "type": "Point",
        "coordinates": [
          -89.5554555,
          14.0007091
        ]
      },
      "id": "node/9977371808"
    },
    {
      "type": "Feature",
      "properties": {
        "@id": "node/9980784378",
        "addr:city": "Tepetitán",
        "addr:street": "5a Calle Oriente",
        "amenity": "hospital",
        "emergency": "yes",
        "healthcare": "hospital",
        "healthcare:speciality": "general;paediatrics;dentist",
        "name": "Unidad de Salud De Tepetitán"
      },
      "geometry": {
        "type": "Point",
        "coordinates": [
          -88.8330694,
          13.6495641
        ]
      },
      "id": "node/9980784378"
    },
    {
      "type": "Feature",
      "properties": {
        "@id": "node/9980947942",
        "amenity": "clinic",
        "healthcare": "clinic",
        "name": "FOSALUD",
        "operator": "MINSAL",
        "operator:type": "public"
      },
      "geometry": {
        "type": "Point",
        "coordinates": [
          -89.1012862,
          13.7179053
        ]
      },
      "id": "node/9980947942"
    },
    {
      "type": "Feature",
      "properties": {
        "@id": "node/10031866617",
        "addr:housenumber": "137",
        "addr:street": "Calle Arturo Ambrogi",
        "amenity": "clinic",
        "name": "Integra Centro Terapéutico"
      },
      "geometry": {
        "type": "Point",
        "coordinates": [
          -89.2517504,
          13.704021
        ]
      },
      "id": "node/10031866617"
    },
    {
      "type": "Feature",
      "properties": {
        "@id": "node/10131808788",
        "amenity": "clinic",
        "healthcare": "doctor",
        "healthcare:speciality": "dermatology",
        "name": "Gold Laser El Salvador",
        "phone": "64529976",
        "website": "https://www.facebook.com/goldlasersv"
      },
      "geometry": {
        "type": "Point",
        "coordinates": [
          -89.2482217,
          13.710955
        ]
      },
      "id": "node/10131808788"
    },
    {
      "type": "Feature",
      "properties": {
        "@id": "node/10246880609",
        "amenity": "clinic",
        "name": "Unidad de Salud Intermedia Paraíso de Osorio",
        "opening_hours": "Su-Th 07:30-15:30"
      },
      "geometry": {
        "type": "Point",
        "coordinates": [
          -88.9647208,
          13.6358453
        ]
      },
      "id": "node/10246880609"
    },
    {
      "type": "Feature",
      "properties": {
        "@id": "node/10911750805",
        "amenity": "doctors",
        "name": "policlinico militar"
      },
      "geometry": {
        "type": "Point",
        "coordinates": [
          -89.2022729,
          13.7124382
        ]
      },
      "id": "node/10911750805"
    },
    {
      "type": "Feature",
      "properties": {
        "@id": "node/11292477250",
        "amenity": "clinic",
        "healthcare": "clinic"
      },
      "geometry": {
        "type": "Point",
        "coordinates": [
          -89.3596767,
          13.7937085
        ]
      },
      "id": "node/11292477250"
    },
    {
      "type": "Feature",
      "properties": {
        "@id": "node/11300760621",
        "addr:city": "Santa Ana",
        "addr:postcode": "02201",
        "addr:street": "Calle Aldea San Antonio",
        "amenity": "doctors",
        "check_date": "2024-10-14",
        "check_date:currency:XBT": "2025-07-22",
        "contact:email": "lbrizuela@me.com",
        "currency:XBT": "yes",
        "healthcare": "doctor",
        "healthcare:speciality": "gastroenterology;surgery",
        "name": "Dr Lawrence A. Brizuela",
        "opening_hours": "Mo-Sa 08:00-13:00",
        "payment:blink": "yes",
        "payment:lightning": "yes",
        "payment:lightning_contactless": "yes",
        "payment:onchain": "yes",
        "phone": "+ 503 79 282 952"
      },
      "geometry": {
        "type": "Point",
        "coordinates": [
          -89.5743298,
          13.9829182
        ]
      },
      "id": "node/11300760621"
    },
    {
      "type": "Feature",
      "properties": {
        "@id": "node/11301186990",
        "addr:city": "Santa Ana",
        "addr:housenumber": "47",
        "addr:street": "21 Calle Poniente y 8 avenida sur",
        "amenity": "hospital",
        "check_date": "2023-10-30",
        "currency:XBT": "yes",
        "healthcare": "hospital",
        "healthcare:speciality": "surgery;gastroenterology;homeopathy;oncology;gynaecology",
        "name": "UMES",
        "operator": "dr. Linares Ortiz",
        "operator:type": "private",
        "payment:apple_pay": "yes",
        "payment:cash": "yes",
        "payment:contactless": "yes",
        "payment:credit_cards": "yes",
        "payment:google_pay": "yes",
        "payment:lightning": "yes",
        "payment:mcard": "yes",
        "payment:visa_debit": "yes",
        "wheelchair": "limited"
      },
      "geometry": {
        "type": "Point",
        "coordinates": [
          -89.5626976,
          13.9848983
        ]
      },
      "id": "node/11301186990"
    },
    {
      "type": "Feature",
      "properties": {
        "@id": "node/11304472216",
        "amenity": "hospital",
        "healthcare": "hospital",
        "name": "Unidad de Salud Suchitoto"
      },
      "geometry": {
        "type": "Point",
        "coordinates": [
          -89.0265411,
          13.9352034
        ]
      },
      "id": "node/11304472216"
    },
    {
      "type": "Feature",
      "properties": {
        "@id": "node/11304501379",
        "addr:city": "Suchitoto",
        "addr:housenumber": "3a. Calle Pte & Ave 5 de NSur, Atiquizaya",
        "addr:street": "3 calle Pte avenida 5 de Noviembre",
        "amenity": "hospital",
        "healthcare": "hospital",
        "name": "Laboratorio Clinico Diagnostico Escobar"
      },
      "geometry": {
        "type": "Point",
        "coordinates": [
          -89.0265498,
          13.9353501
        ]
      },
      "id": "node/11304501379"
    },
    {
      "type": "Feature",
      "properties": {
        "@id": "node/11304709178",
        "addr:full": "1a Calle Pte. casa # 5, Suchitoto",
        "amenity": "hospital",
        "healthcare": "hospital",
        "name": "Clinica Medica ASUSA",
        "opening_hours": "We 07:30-14:00",
        "website": "https://clinica-medica-asusa.negocio.site"
      },
      "geometry": {
        "type": "Point",
        "coordinates": [
          -89.0269682,
          13.9360492
        ]
      },
      "id": "node/11304709178"
    },
    {
      "type": "Feature",
      "properties": {
        "@id": "node/11304781288",
        "addr:city": "Av. José Maria Peña Fernández, Suchitoto",
        "amenity": "hospital",
        "healthcare": "hospital",
        "name": "acunación COVID-19 - Hospital Nacional de Suchitoto",
        "opening_hours": "Mo-Su 08:00-16:00",
        "phone": "2591 7000"
      },
      "geometry": {
        "type": "Point",
        "coordinates": [
          -89.0288622,
          13.9338102
        ]
      },
      "id": "node/11304781288"
    },
    {
      "type": "Feature",
      "properties": {
        "@id": "node/11308351317",
        "addr:city": "San José Guayabal",
        "addr:housenumber": "RWQ3+QRG, San José Guayabal",
        "addr:postcode": "01409",
        "addr:street": "1a Calle Oriente",
        "amenity": "hospital",
        "healthcare": "hospital",
        "name": "Unidad de Salud de San Jose Guayabal",
        "wheelchair": "yes"
      },
      "geometry": {
        "type": "Point",
        "coordinates": [
          -89.095418,
          13.8394552
        ]
      },
      "id": "node/11308351317"
    },
    {
      "type": "Feature",
      "properties": {
        "@id": "node/11308525321",
        "addr:city": "San José Guayabal",
        "addr:housenumber": "San José Guayabal",
        "addr:postcode": "RWQ4+G2 San José Guayabal",
        "addr:street": "2a Avenida Norte",
        "amenity": "doctors",
        "healthcare": "doctor",
        "name": "Medicentro Guayabal"
      },
      "geometry": {
        "type": "Point",
        "coordinates": [
          -89.0949608,
          13.8388419
        ]
      },
      "id": "node/11308525321"
    },
    {
      "type": "Feature",
      "properties": {
        "@id": "node/11310855897",
        "amenity": "clinic",
        "healthcare": "clinic",
        "name": "Clinica Garay"
      },
      "geometry": {
        "type": "Point",
        "coordinates": [
          -88.4103286,
          13.3811544
        ]
      },
      "id": "node/11310855897"
    },
    {
      "type": "Feature",
      "properties": {
        "@id": "node/11310863815",
        "amenity": "clinic",
        "healthcare": "clinic",
        "name": "Clinica Médica y Laboratorio Clinico"
      },
      "geometry": {
        "type": "Point",
        "coordinates": [
          -88.4106777,
          13.3767615
        ]
      },
      "id": "node/11310863815"
    },
    {
      "type": "Feature",
      "properties": {
        "@id": "node/11310888657",
        "amenity": "clinic",
        "healthcare": "clinic",
        "name": "Consultorio Medico Jerusalem"
      },
      "geometry": {
        "type": "Point",
        "coordinates": [
          -88.4104819,
          13.3770224
        ]
      },
      "id": "node/11310888657"
    },
    {
      "type": "Feature",
      "properties": {
        "@id": "node/11316431152",
        "addr:city": "Santa Rosa Guachipilín",
        "addr:place": "Santa Rosa Guachipilín",
        "amenity": "hospital",
        "emergency": "yes",
        "healthcare": "hospital",
        "healthcare:speciality": "general",
        "name": "Unidad de salud Santa Rosa Guachipilín",
        "opening_hours": "Mo-Fr 08:00-16:00",
        "operator": "Sí",
        "operator:type": "public",
        "phone": "23542623"
      },
      "geometry": {
        "type": "Point",
        "coordinates": [
          -89.3529914,
          14.207747
        ]
      },
      "id": "node/11316431152"
    },
    {
      "type": "Feature",
      "properties": {
        "@id": "node/11316885275",
        "addr:city": "San Rafael Cedros",
        "addr:street": "3a Calle Oriente",
        "amenity": "doctors",
        "healthcare": "doctor",
        "name": "Unidad de Salud | San Rafael Cedros",
        "opening_hours": "24/7"
      },
      "geometry": {
        "type": "Point",
        "coordinates": [
          -88.8824927,
          13.730832
        ]
      },
      "id": "node/11316885275"
    },
    {
      "type": "Feature",
      "properties": {
        "@id": "node/11317898553",
        "addr:street": "Avenida Luis Rivas Vides",
        "amenity": "clinic",
        "healthcare": "clinic",
        "healthcare:speciality": "blood_check",
        "name": "Clínica Municipal San Luis Talpa",
        "operator": "Ministerio de Salud",
        "operator:short": "MINSAL",
        "operator:type": "government",
        "operator:wikidata": "Q50037290"
      },
      "geometry": {
        "type": "Point",
        "coordinates": [
          -89.0878526,
          13.4767203
        ]
      },
      "id": "node/11317898553"
    },
    {
      "type": "Feature",
      "properties": {
        "@id": "node/11318435540",
        "addr:street": "Avenida San Miguel",
        "amenity": "hospital",
        "healthcare": "hospital",
        "healthcare:speciality": "general",
        "name": "Unidad de Salud/San Pedro Masahuat"
      },
      "geometry": {
        "type": "Point",
        "coordinates": [
          -89.040899,
          13.5386145
        ]
      },
      "id": "node/11318435540"
    },
    {
      "type": "Feature",
      "properties": {
        "@id": "node/11318435542",
        "addr:street": "Avenida Rodolfo Duque",
        "amenity": "hospital",
        "healthcare": "hospital",
        "name": "Funeraria San Pedro"
      },
      "geometry": {
        "type": "Point",
        "coordinates": [
          -89.0428073,
          13.5369351
        ]
      },
      "id": "node/11318435542"
    },
    {
      "type": "Feature",
      "properties": {
        "@id": "node/11328530068",
        "addr:city": "Santa Ana",
        "amenity": "hospital",
        "healthcare": "hospital",
        "healthcare:speciality": "general",
        "name": "Unidad Médica Santa Lucía"
      },
      "geometry": {
        "type": "Point",
        "coordinates": [
          -89.5609241,
          13.9976991
        ]
      },
      "id": "node/11328530068"
    },
    {
      "type": "Feature",
      "properties": {
        "@id": "node/11328539614",
        "amenity": "hospital",
        "emergency": "yes",
        "healthcare": "hospital",
        "name": "Comandos De Salvamento Berlín"
      },
      "geometry": {
        "type": "Point",
        "coordinates": [
          -88.5288219,
          13.49922
        ]
      },
      "id": "node/11328539614"
    },
    {
      "type": "Feature",
      "properties": {
        "@id": "node/11461321169",
        "addr:housenumber": "29",
        "addr:street": "4ª Calle",
        "amenity": "clinic",
        "internet_access": "wlan",
        "opening_hours": "Su-Fr 07:00-18:00",
        "phone": "+50323010156"
      },
      "geometry": {
        "type": "Point",
        "coordinates": [
          -88.9349105,
          14.0399619
        ]
      },
      "id": "node/11461321169"
    },
    {
      "type": "Feature",
      "properties": {
        "@id": "node/11474266869",
        "addr:housenumber": "29",
        "addr:postcode": "01301",
        "addr:street": "4ª Calle",
        "amenity": "clinic",
        "internet_access": "wlan",
        "name": "Clínica médica Casa de la Salud",
        "phone": "+50323551948"
      },
      "geometry": {
        "type": "Point",
        "coordinates": [
          -88.9349275,
          14.039939
        ]
      },
      "id": "node/11474266869"
    },
    {
      "type": "Feature",
      "properties": {
        "@id": "node/11483565869",
        "addr:housenumber": "29B",
        "addr:postcode": "01301",
        "addr:street": "4ª Calle",
        "amenity": "clinic",
        "name": "Clínica de Rayos-X, Chalatenango.",
        "opening_hours": "Fr 09:00-18:00; Su-Th 07:00-18:00"
      },
      "geometry": {
        "type": "Point",
        "coordinates": [
          -88.934849,
          14.0399244
        ]
      },
      "id": "node/11483565869"
    },
    {
      "type": "Feature",
      "properties": {
        "@id": "node/11602610858",
        "amenity": "hospital;clinic",
        "healthcare": "hospital;clinic",
        "healthcare:speciality": "orthodontics",
        "name": "Dra. Roxana Estrada;Dra. Roxana Estrada Milla. Clínica de Ortodoncia",
        "operator": "NAKA",
        "operator:type": "private"
      },
      "geometry": {
        "type": "Point",
        "coordinates": [
          -89.256306,
          13.6688895
        ]
      },
      "id": "node/11602610858"
    },
    {
      "type": "Feature",
      "properties": {
        "@id": "node/11603136052",
        "addr:city": "San Salvador",
        "addr:housenumber": "Avenida Bernal",
        "addr:postcode": "1101",
        "addr:street": "Plaza Alcalá local 205 segunda planta",
        "amenity": "clinic",
        "currency:XBT": "yes",
        "healthcare": "clinic",
        "name": "Clínica pediátrica Dr. Ángel Duarte",
        "payment:lightning": "yes",
        "survey:date": "2024-02-09"
      },
      "geometry": {
        "type": "Point",
        "coordinates": [
          -89.2169406,
          13.7137669
        ]
      },
      "id": "node/11603136052"
    },
    {
      "type": "Feature",
      "properties": {
        "@id": "node/11603227012",
        "addr:city": "San Salvador",
        "addr:housenumber": "Colonia Medica HOSPITAL INSTITUTO DE OJOS",
        "addr:postcode": "1101",
        "addr:street": "LOCAL 0.4, SOTANO",
        "amenity": "clinic",
        "currency:XBT": "yes",
        "healthcare": "clinic",
        "name": "Fisionutri clínica de atención nutricional",
        "payment:lightning": "yes",
        "survey:date": "2024-02-09"
      },
      "geometry": {
        "type": "Point",
        "coordinates": [
          -89.195367,
          13.7089267
        ]
      },
      "id": "node/11603227012"
    },
    {
      "type": "Feature",
      "properties": {
        "@id": "node/11603240722",
        "amenity": "clinic",
        "currency:XBT": "yes",
        "healthcare": "clinic",
        "name": "Unidad Médica de Especialidades de Santa Ana UMES",
        "payment:lightning": "yes",
        "survey:date": "2024-02-09"
      },
      "geometry": {
        "type": "Point",
        "coordinates": [
          -89.5626963,
          13.9849966
        ]
      },
      "id": "node/11603240722"
    },
    {
      "type": "Feature",
      "properties": {
        "@id": "node/11820103410",
        "addr:city": "San Salvador",
        "addr:housenumber": "150",
        "addr:postcode": "1101",
        "addr:street": "Calle Loma Linda",
        "amenity": "clinic",
        "check_date": "2024-12-03",
        "contact:email": "dentalkeysv@gmail.com",
        "currency:XBT": "yes",
        "healthcare": "clinic",
        "healthcare:speciality": "dentist",
        "name": "Dentalkey",
        "opening_hours": "Mo 13:00-17:00; Tu-Sa 09:00-17:00",
        "payment:lightning": "yes",
        "payment:lightning_contactless": "no",
        "payment:onchain": "yes",
        "phone": "+50 37 807 6713",
        "website": "https://www.dentalkeysv.com/"
      },
      "geometry": {
        "type": "Point",
        "coordinates": [
          -89.2301797,
          13.6956423
        ]
      },
      "id": "node/11820103410"
    },
    {
      "type": "Feature",
      "properties": {
        "@id": "node/12079413979",
        "addr:city": "ciudad Versalles, San Juan Opico",
        "addr:street": "Plaza comercial Pasares",
        "amenity": "clinic",
        "healthcare": "clinic",
        "name": "Centro de Diagnóstico"
      },
      "geometry": {
        "type": "Point",
        "coordinates": [
          -89.356968,
          13.7893
        ]
      },
      "id": "node/12079413979"
    },
    {
      "type": "Feature",
      "properties": {
        "@id": "node/12081857873",
        "amenity": "clinic",
        "healthcare": "clinic",
        "name": "Centro Medico El Transito",
        "operator": "Centro Medico El Transito"
      },
      "geometry": {
        "type": "Point",
        "coordinates": [
          -88.3478837,
          13.3538052
        ]
      },
      "id": "node/12081857873"
    },
    {
      "type": "Feature",
      "properties": {
        "@id": "node/12081857874",
        "amenity": "clinic",
        "healthcare": "clinic",
        "name": "Centro Medico Hemodialisis",
        "operator": "Centro Medico Hemodialisis",
        "operator:type": "private"
      },
      "geometry": {
        "type": "Point",
        "coordinates": [
          -88.3479734,
          13.3530367
        ]
      },
      "id": "node/12081857874"
    },
    {
      "type": "Feature",
      "properties": {
        "@id": "node/12083993345",
        "addr:city": "Colonia La Esperanza, Cantón Los Alpes, Tepecoyo",
        "amenity": "hospital",
        "healthcare": "hospital",
        "healthcare:speciality": "community",
        "name": "Unidad Comunitaria Salud Familiar (UCSF) Tepecoyo"
      },
      "geometry": {
        "type": "Point",
        "coordinates": [
          -89.4556529,
          13.7051178
        ]
      },
      "id": "node/12083993345"
    },
    {
      "type": "Feature",
      "properties": {
        "@id": "node/12122942948",
        "addr:city": "San Salvador",
        "addr:housenumber": "640",
        "addr:postcode": "01101",
        "addr:street": "25 Avenida Norte 3a planta local 2",
        "air_conditioning": "yes",
        "amenity": "clinic",
        "brand": "UrologoSV",
        "check_date": "2024-08-21",
        "check_date:currency:XBT": "2024-08-21",
        "contact:facebook": "https://www.facebook.com/urologosv",
        "contact:twitter": "https://twitter.com/urologosv",
        "currency:XBT": "yes",
        "description": "Urologo El Salvador - Dr. Herbert Ayala. Atención integral de enfermedades del sistema urinario. Próstata, genitales masculinos, disfunción eréctil y eyaculación precoz.",
        "email": "urologosv@gmail.com",
        "healthcare": "clinic",
        "healthcare:speciality": "urology;surgery",
        "image": "https://urologoelsalvador.com/wp-content/uploads/2018/03/San-Salvador-02-UrologoSV-600x400.jpg",
        "level": "3",
        "mobile": "+503 71481112",
        "name": "Urologo El Salvador - Dr. Herbert Ayala",
        "opening_hours": "Mo-Fr 07:00-17:00",
        "operator": "UrologoSV",
        "operator:type": "private",
        "payment:cash": "yes",
        "payment:lightning": "yes",
        "payment:lightning_contactless": "no",
        "payment:onchain": "yes",
        "payment:transferencia": "yes",
        "phone": "+503 22252277",
        "website": "https://urologoelsalvador.com",
        "wheelchair": "yes"
      },
      "geometry": {
        "type": "Point",
        "coordinates": [
          -89.2038713,
          13.7057057
        ]
      },
      "id": "node/12122942948"
    },
    {
      "type": "Feature",
      "properties": {
        "@id": "node/12668917600",
        "addr:city": "San Salvador",
        "amenity": "doctors",
        "currency:XBT": "yes",
        "healthcare": "doctor",
        "name": "Hospital de Diagóstico Escalón",
        "payment:lightning": "yes",
        "payment:lightning_contactless": "no",
        "payment:onchain": "yes"
      },
      "geometry": {
        "type": "Point",
        "coordinates": [
          -89.2471548,
          13.7037725
        ]
      },
      "id": "node/12668917600"
    },
    {
      "type": "Feature",
      "properties": {
        "@id": "node/12790167112",
        "addr:city": "Berlín",
        "addr:street": "1a Calle Oriente",
        "amenity": "clinic",
        "check_date:currency:XBT": "2025-12-12",
        "currency:XBT": "yes",
        "healthcare": "clinic",
        "healthcare:speciality": "general",
        "name": "Consultorio de Medicina General Dr. Diogenes Guzman",
        "payment:lightning": "yes",
        "phone": "7344 6534"
      },
      "geometry": {
        "type": "Point",
        "coordinates": [
          -88.5300709,
          13.4989186
        ]
      },
      "id": "node/12790167112"
    },
    {
      "type": "Feature",
      "properties": {
        "@id": "node/12800861844",
        "amenity": "clinic",
        "healthcare": "clinic",
        "name": "Unidad de Salud San Isidro"
      },
      "geometry": {
        "type": "Point",
        "coordinates": [
          -89.1790033,
          13.6132327
        ]
      },
      "id": "node/12800861844"
    },
    {
      "type": "Feature",
      "properties": {
        "@id": "node/12899917081",
        "addr:city": "San Salvador",
        "addr:housenumber": "307",
        "addr:postcode": "1102",
        "addr:street": "Pasaje 5",
        "amenity": "doctors",
        "check_date:currency:XBT": "2025-06-09",
        "currency:XBT": "yes",
        "description": "Edificio Diagonal. Local 307. Tercer Nivel. Colonia Médica",
        "healthcare": "doctor",
        "healthcare:speciality": "cardiology",
        "name": "Dr. Samuel Isaac Merino Barrera",
        "payment:lightning": "yes",
        "payment:lightning_contactless": "no",
        "payment:onchain": "yes",
        "phone": "+503 2398 1346"
      },
      "geometry": {
        "type": "Point",
        "coordinates": [
          -89.202142,
          13.7103634
        ]
      },
      "id": "node/12899917081"
    },
    {
      "type": "Feature",
      "properties": {
        "@id": "node/12961362992",
        "amenity": "doctors",
        "healthcare": "doctor",
        "healthcare:speciality": "cardiology",
        "name": "Cardi O Logic"
      },
      "geometry": {
        "type": "Point",
        "coordinates": [
          -89.7153539,
          13.7301735
        ]
      },
      "id": "node/12961362992"
    },
    {
      "type": "Feature",
      "properties": {
        "@id": "node/12996570558",
        "amenity": "doctors",
        "healthcare": "doctor",
        "name": "Clinica Medica El Zonte",
        "payment:blink": "yes"
      },
      "geometry": {
        "type": "Point",
        "coordinates": [
          -89.4399552,
          13.4988038
        ]
      },
      "id": "node/12996570558"
    },
    {
      "type": "Feature",
      "properties": {
        "@id": "node/13012106417",
        "amenity": "clinic",
        "check_date:currency:XBT": "2025-07-19",
        "currency:XBT": "yes",
        "healthcare": "clinic",
        "name": "Avante Centro Medico Especializado",
        "payment:blink": "yes",
        "payment:lightning": "yes",
        "payment:lightning_contactless": "yes",
        "payment:onchain": "yes"
      },
      "geometry": {
        "type": "Point",
        "coordinates": [
          -89.231626,
          13.7028102
        ]
      },
      "id": "node/13012106417"
    },
    {
      "type": "Feature",
      "properties": {
        "@id": "node/13069623599",
        "amenity": "clinic",
        "healthcare": "clinic",
        "name": "Clínica Médica La Chilena"
      },
      "geometry": {
        "type": "Point",
        "coordinates": [
          -89.7062025,
          13.7514146
        ]
      },
      "id": "node/13069623599"
    },
    {
      "type": "Feature",
      "properties": {
        "@id": "node/13202878448",
        "amenity": "hospital",
        "healthcare": "hospital",
        "name": "Hospital Rosendo Alvarenga",
        "operator": "FOSALUD"
      },
      "geometry": {
        "type": "Point",
        "coordinates": [
          -88.9344165,
          13.7266021
        ]
      },
      "id": "node/13202878448"
    },
    {
      "type": "Feature",
      "properties": {
        "@id": "node/13278381989",
        "addr:city": "San Salvador",
        "addr:postcode": "CP 1101",
        "addr:street": "1a Calle Poniente",
        "amenity": "hospital",
        "currency:XBT": "yes",
        "healthcare": "hospital",
        "healthcare:speciality": "surgery;transplant",
        "name": "Clinica Médica",
        "operator": "Dr. Hugo Miguel",
        "payment:cash": "yes",
        "payment:lightning": "yes",
        "payment:lightning_contactless": "no",
        "payment:onchain": "yes"
      },
      "geometry": {
        "type": "Point",
        "coordinates": [
          -89.2316088,
          13.7026203
        ]
      },
      "id": "node/13278381989"
    },
    {
      "type": "Feature",
      "properties": {
        "@id": "node/13457940493",
        "amenity": "clinic",
        "healthcare": "clinic",
        "name": "Féminas",
        "survey:date": "2026-01-15"
      },
      "geometry": {
        "type": "Point",
        "coordinates": [
          -89.7247407,
          13.7244324
        ]
      },
      "id": "node/13457940493"
    },
    {
      "type": "Feature",
      "properties": {
        "@id": "node/13520794420",
        "addr:city": "San Miguel",
        "addr:housenumber": "312",
        "addr:postcode": "3301",
        "addr:street": "11a Avenida Norte",
        "amenity": "doctors",
        "email": "drflores.dermatologo@gmail.com",
        "healthcare": "doctor",
        "healthcare:speciality": "dermatology",
        "image": "https://lh3.googleusercontent.com/gps-cs-s/AHVAwerlSJcZzjXwzslTT2tp3c5x0QtkGqOEAyqAQ-YlfrNP1eEYh2cyxpT_PpUS-jhghE_BE_TIojMV9b0zQOvbdFYZObc_G0YoM2q6J0bkPl-Th0P8p7S896hfJJ_nDumTrHqbHviJ=s680-w680-h510-rw",
        "level": "2",
        "mobile": "+503 7544 2507",
        "name": "Dr. Cristian Flores",
        "opening_hours": "Mo-Su 06:00-16:00",
        "operator": "Dermatologo"
      },
      "geometry": {
        "type": "Point",
        "coordinates": [
          -88.1842793,
          13.4827509
        ]
      },
      "id": "node/13520794420"
    },
    {
      "type": "Feature",
      "properties": {
        "@id": "node/13520794421",
        "addr:city": "Santa Rosa de Lima",
        "addr:postcode": "3101",
        "addr:street": "RN 18E, Santa Rosa de Lima",
        "amenity": "doctors",
        "email": "drflores.dermatologo@gmail.com",
        "healthcare": "doctor",
        "healthcare:speciality": "dermatology",
        "mobile": "+503 7544 2507",
        "name": "Dr. Cristian Flores",
        "opening_hours": "Mo-Su 08:00-16:00",
        "operator": "Dermatólogo"
      },
      "geometry": {
        "type": "Point",
        "coordinates": [
          -87.890524,
          13.6312873
        ]
      },
      "id": "node/13520794421"
    },
    {
      "type": "Feature",
      "properties": {
        "@id": "node/13570454069",
        "amenity": "clinic",
        "healthcare": "clinic"
      },
      "geometry": {
        "type": "Point",
        "coordinates": [
          -90.0332391,
          13.7779696
        ]
      },
      "id": "node/13570454069"
    },
    {
      "type": "Feature",
      "properties": {
        "@id": "node/13570491934",
        "amenity": "clinic",
        "healthcare": "clinic",
        "name": "Clínica Médica Jesus de Dios"
      },
      "geometry": {
        "type": "Point",
        "coordinates": [
          -90.0323036,
          13.7754572
        ]
      },
      "id": "node/13570491934"
    },
    {
      "type": "Feature",
      "properties": {
        "@id": "node/13570503108",
        "amenity": "clinic",
        "healthcare": "clinic"
      },
      "geometry": {
        "type": "Point",
        "coordinates": [
          -90.030089,
          13.7704909
        ]
      },
      "id": "node/13570503108"
    },
    {
      "type": "Feature",
      "properties": {
        "@id": "node/13630348301",
        "addr:postcode": "1101",
        "addr:street": "5a Calle Poniente",
        "amenity": "doctors",
        "check_date": "2026-03-09",
        "email": "clinicas@clidem.com.sv",
        "healthcare": "doctor",
        "level": "0",
        "name": "Clidem",
        "phone": "+503 2283 9669;+503 7732 4650",
        "website": "http://www.clidem.com.sv/"
      },
      "geometry": {
        "type": "Point",
        "coordinates": [
          -89.2505772,
          13.7063139
        ]
      },
      "id": "node/13630348301"
    },
    {
      "type": "Feature",
      "properties": {
        "@id": "node/13665701101",
        "addr:housenumber": "3977",
        "addr:postcode": "1101",
        "addr:street": "3a Calle Poniente",
        "amenity": "clinic",
        "email": "atencionalcliente@respirare.com.sv",
        "name": "Respirare centro de intervencionismo del tórax y la vía aérea",
        "opening_hours": "Su-Fr 08:00-18:00; Sa 08:00-12:00",
        "phone": "2520-2200;6823-6705"
      },
      "geometry": {
        "type": "Point",
        "coordinates": [
          -89.2340499,
          13.7037046
        ]
      },
      "id": "node/13665701101"
    },
    {
      "type": "Feature",
      "properties": {
        "@id": "node/13746229802",
        "amenity": "clinic",
        "name": "Clínica Fudem Flor Blanca"
      },
      "geometry": {
        "type": "Point",
        "coordinates": [
          -89.21383,
          13.6956347
        ]
      },
      "id": "node/13746229802"
    },
    {
      "type": "Feature",
      "properties": {
        "@id": "node/13859567516",
        "amenity": "clinic",
        "healthcare": "clinic",
        "healthcare:speciality": "general",
        "name": "Clínica Medica Roosevelt"
      },
      "geometry": {
        "type": "Point",
        "coordinates": [
          -89.147242,
          13.7030005
        ]
      },
      "id": "node/13859567516"
    },
    {
      "type": "Feature",
      "properties": {
        "@id": "node/13914666238",
        "amenity": "clinic",
        "healthcare": "clinic",
        "healthcare:speciality": "community;general;vaccination",
        "level": "1",
        "name": "Clínica Médica"
      },
      "geometry": {
        "type": "Point",
        "coordinates": [
          -89.1485704,
          13.7026465
        ]
      },
      "id": "node/13914666238"
    },
    {
      "type": "Feature",
      "properties": {
        "@id": "node/13980652644",
        "addr:city": "San Salvador",
        "addr:housenumber": "101",
        "addr:street": "Avenida La Capilla",
        "addr:suburb": "San Benito",
        "addr:unit": "Local 305",
        "amenity": "doctors",
        "check_date": "2026-07-01",
        "contact:email": "imagineclinicsv@gmail.com",
        "contact:instagram": "https://www.instagram.com/imagineclinic.sv/",
        "currency:XBT": "yes",
        "healthcare": "doctor",
        "healthcare:speciality": "gynaecology",
        "level": "3",
        "name": "Imagine Clinic",
        "opening_hours": "Mo-Su 07:00-19:00",
        "payment:lightning": "yes",
        "payment:lightning_contactless": "no",
        "payment:onchain": "yes",
        "phone": "+503 6428 0937",
        "website": "https://imagineclinicsv.com/"
      },
      "geometry": {
        "type": "Point",
        "coordinates": [
          -89.239807,
          13.6926453
        ]
      },
      "id": "node/13980652644"
    }
  ]
}